,Date,low_adj,high_adj,open_adj,close_adj,volume,marketValue,return,stock
0,2018-08-03,36.6078,36.8466,36.8374,36.6813,68668,389,-0.125,00744B
1,2018-08-06,36.6446,37.0027,36.6446,36.8741,31005,391,0.5257,00744B
2,2018-08-07,36.8466,36.8466,36.8466,36.8466,40,390,-0.0747,00744B
3,2018-08-08,36.819,36.9108,36.8466,36.819,33244,2195,-0.0748,00744B
4,2018-08-09,36.8649,36.9017,36.8649,36.9017,80,2200,0.2244,00744B
5,2018-08-10,36.7547,36.9017,36.9017,36.7639,1606,3573,-0.3732,00744B
6,2018-08-13,36.7731,36.9843,36.9843,36.7731,25609,3574,0.025,00744B
7,2018-08-14,36.7364,36.8374,36.7456,36.8374,1281,3580,0.1748,00744B
8,2018-08-15,36.7915,36.8741,36.8741,36.8007,883,3576,-0.0997,00744B
9,2018-08-16,36.7547,36.8374,36.7731,36.8374,120,3580,0.0998,00744B
10,2018-08-17,36.7731,36.7731,36.7731,36.7731,40,3574,-0.1745,00744B
11,2018-08-20,36.6997,36.7731,36.7272,36.7731,28878,3574,0.0,00744B
12,2018-08-21,36.6721,36.8098,36.6721,36.6997,12198,3566,-0.1998,00744B
13,2018-08-22,36.7272,36.8007,36.7272,36.7456,2201,3571,0.1251,00744B
14,2018-08-23,36.7823,36.8466,36.8466,36.7823,2444,3574,0.1,00744B
15,2018-08-24,36.7364,36.7364,36.7364,36.7364,40,5430,-0.1248,00744B
16,2018-08-27,36.7731,36.9292,36.8466,36.8741,15777,5692,0.3749,00744B
17,2018-08-28,36.7823,36.8557,36.7823,36.8557,120,5689,-0.0498,00744B
18,2018-08-29,36.7731,36.7731,36.7731,36.7731,40,5676,-0.2242,00744B
19,2018-08-30,36.7639,36.7639,36.7639,36.7639,40,5675,-0.025,00744B
20,2018-08-31,36.7547,36.8557,36.7547,36.8557,4292,5689,0.2498,00744B
21,2018-09-03,36.7456,36.8649,36.8098,36.7456,19683,7533,-0.299,00744B
22,2018-09-04,36.8007,36.8741,36.8007,36.8649,10148,7557,0.3248,00744B
23,2018-09-05,36.7731,36.819,36.7731,36.819,2565,7548,-0.1245,00744B
24,2018-09-06,36.8374,36.8649,36.8649,36.8374,842,7792,0.0499,00744B
25,2018-09-07,36.8557,36.8557,36.8557,36.8557,40,7796,0.0499,00744B
26,2018-09-10,36.7456,36.7456,36.7456,36.7456,40,7773,-0.299,00744B
27,2018-09-11,36.6813,36.7547,36.7547,36.6813,499579,8239,-0.1749,00744B
28,2018-09-12,36.5987,36.6537,36.6537,36.5987,13093,8220,-0.2253,00744B
29,2018-09-13,36.6813,36.8007,36.6813,36.7915,280,8264,0.5268,00744B
30,2018-09-14,36.7823,36.8466,36.8466,36.7823,80,8261,-0.025,00744B
31,2018-09-17,36.7088,36.7272,36.7272,36.7088,79,8245,-0.1997,00744B
32,2018-09-18,36.7364,36.7456,36.7456,36.7364,2040,8251,0.075,00744B
33,2018-09-19,36.7823,36.7823,36.7823,36.7823,40,8261,0.125,00744B
34,2018-09-20,36.8282,36.8282,36.8282,36.8282,80,8272,0.1248,00744B
35,2018-09-21,36.7272,36.8374,36.7272,36.8374,480000,8755,0.0249,00744B
36,2018-09-25,36.8374,36.8374,36.8374,36.8374,0,8755,0.0,00744B
37,2018-09-26,36.5895,36.6446,36.6446,36.5895,2032,8696,-0.673,00744B
38,2018-09-27,36.6354,36.6629,36.6629,36.6354,79,8707,0.1255,00744B
39,2018-09-28,36.4885,36.5527,36.4885,36.5436,119,8685,-0.2506,00744B
40,2018-10-01,36.6446,36.7456,36.6446,36.7088,199,8725,0.4523,00744B
41,2018-10-02,36.5803,36.819,36.5803,36.6537,320,8712,-0.1501,00744B
42,2018-10-03,36.6354,36.8098,36.7364,36.7456,2156,8733,0.2505,00744B
43,2018-10-04,36.8649,36.8649,36.8649,36.8649,40,8762,0.3248,00744B
44,2018-10-05,36.8833,36.9292,36.8833,36.9292,120,8777,0.1743,00744B
45,2018-10-08,36.7088,36.8466,36.7088,36.8466,2562,8757,-0.2238,00744B
46,2018-10-09,36.8282,36.8649,36.8282,36.8649,80,8762,0.0498,00744B
47,2018-10-11,36.8833,36.9751,36.9751,36.8833,48244,8766,0.0498,00744B
48,2018-10-12,36.8741,37.021,37.021,36.8833,642,8646,0.0,00744B
49,2018-10-15,36.92,36.92,36.92,36.92,40,8654,0.0996,00744B
50,2018-10-16,36.8925,36.8925,36.8925,36.8925,40,8648,-0.0746,00744B
51,2018-10-17,36.8741,36.8741,36.8741,36.8741,120310,8764,-0.0498,00744B
52,2018-10-18,36.9017,36.9384,36.9017,36.9384,80,8779,0.1743,00744B
53,2018-10-19,36.92,36.92,36.92,36.92,80,8775,-0.0497,00744B
54,2018-10-22,36.9384,36.9384,36.9384,36.9384,40,8779,0.0497,00744B
55,2018-10-23,36.8741,36.92,36.8741,36.92,180530,8956,-0.0497,00744B
56,2018-10-24,36.9567,36.9567,36.9567,36.9567,542740,9508,0.0995,00744B
57,2018-10-25,36.9567,37.0027,36.9567,36.9751,121395,9634,0.0497,00744B
58,2018-10-26,37.0027,37.0027,37.0027,37.0027,40,9641,0.0745,00744B
59,2018-10-29,37.1037,37.1037,37.1037,37.1037,40,9667,0.273,00744B
60,2018-10-30,37.021,37.021,37.021,37.021,40,9646,-0.2227,00744B
61,2018-10-31,37.0761,37.0761,37.0761,37.0761,40,9660,0.1488,00744B
62,2018-11-01,36.9935,36.9935,36.9935,36.9935,40,9638,-0.2229,00744B
63,2018-11-02,37.0577,37.1863,37.0853,37.1863,1130,9689,0.5212,00744B
64,2018-11-05,37.0302,37.1312,37.1312,37.0302,80,9648,-0.4198,00744B
65,2018-11-06,36.9108,37.0302,37.0302,36.9108,544342,10160,-0.3223,00744B
66,2018-11-07,36.9843,36.9843,36.9843,36.9843,443,10180,0.199,00744B
67,2018-11-08,36.9751,36.9751,36.9751,36.9751,40,10177,-0.0248,00744B
68,2018-11-09,36.9751,36.9751,36.9751,36.9751,0,10177,0.0,00744B
69,2018-11-12,37.0302,37.0302,37.0302,37.0302,40,10193,0.149,00744B
70,2018-11-13,37.122,37.122,37.122,37.122,40,10218,0.248,00744B
71,2018-11-14,37.1587,37.2322,37.1587,37.2322,121,10248,0.2968,00744B
72,2018-11-15,37.3607,37.3607,37.3607,37.3607,40,10284,0.3453,00744B
73,2018-11-16,37.4158,37.4434,37.4434,37.4158,81,10299,0.1475,00744B
74,2018-11-19,37.5352,37.7923,37.7923,37.5352,82,10332,0.319,00744B
75,2018-11-20,37.6454,37.6454,37.6454,37.6454,41,10362,0.2935,00744B
76,2018-11-21,37.93,37.93,37.93,37.93,41,10440,0.7561,00744B
77,2018-11-22,37.6454,37.728,37.728,37.6454,451,10362,-0.7504,00744B
78,2018-11-23,37.6454,37.6821,37.6454,37.6821,205,10372,0.0976,00744B
79,2018-11-26,37.5811,37.5995,37.5811,37.5995,450,10349,-0.2193,00744B
80,2018-11-27,37.4801,37.6087,37.6087,37.4801,3225,10316,-0.3175,00744B
81,2018-11-28,37.5536,37.5719,37.5719,37.5536,81,10337,0.196,00744B
82,2018-11-29,37.4067,37.526,37.526,37.4067,3381,10296,-0.3912,00744B
83,2018-11-30,37.5536,37.5903,37.5903,37.5903,613,10347,0.4909,00744B
84,2018-12-03,37.6546,37.6546,37.6546,37.6546,41,10364,0.171,00744B
85,2018-12-04,37.7923,37.9025,37.8382,37.9025,1773,10433,0.6584,00744B
86,2018-12-05,38.1871,38.1871,38.1871,38.1871,582,10511,0.751,00744B
87,2018-12-06,38.1963,38.1963,38.1963,38.1963,624,10513,0.024,00744B
88,2018-12-07,38.1504,38.1504,38.1504,38.1504,623,10501,-0.1202,00744B
89,2018-12-10,38.1687,38.1687,38.1687,38.1687,41,10506,0.0481,00744B
90,2018-12-11,38.2514,38.2514,38.2514,38.2514,41,10529,0.2165,00744B
91,2018-12-12,38.334,38.334,38.334,38.334,83,11303,0.216,00744B
92,2018-12-13,38.2973,38.3065,38.3065,38.2973,834,11292,-0.0958,00744B
93,2018-12-14,38.2973,38.2973,38.2973,38.2973,1119690,11292,0.0,00744B
94,2018-12-17,38.031,38.1045,38.1045,38.031,165,11214,-0.6953,00744B
95,2018-12-18,37.9025,37.9025,37.9025,37.9025,82,10061,-0.338,00744B
96,2018-12-19,38.031,38.031,38.031,38.031,41,10095,0.3391,00744B
97,2018-12-20,38.0035,38.0035,38.0035,38.0035,41,10088,-0.0724,00744B
98,2018-12-21,38.0035,38.0127,38.0127,38.0035,82,10088,0.0,00744B
99,2018-12-22,38.0035,38.0035,38.0035,38.0035,0,10212,0.0,00744B
100,2018-12-24,38.0494,38.0494,38.0494,38.0494,41,10224,0.1208,00744B
101,2018-12-25,38.0494,38.0494,38.0494,38.0494,0,10224,0.0,00744B
102,2018-12-26,38.132,38.132,38.132,38.132,41,10247,0.2172,00744B
103,2018-12-27,38.1137,38.1137,38.1137,38.1137,83,10242,-0.0482,00744B
104,2018-12-28,38.2055,38.233,38.2055,38.233,457,10274,0.3132,00744B
105,2019-01-02,38.2055,38.6187,38.2055,38.5819,6749,10368,0.9126,00744B
106,2019-01-03,38.6278,38.7013,38.6278,38.7013,571527,10400,0.3094,00744B
107,2019-01-04,38.8849,38.9308,38.9308,38.8849,4277,11465,0.4745,00744B
108,2019-01-07,38.8115,38.8666,38.8115,38.8666,5712,11460,-0.0472,00744B
109,2019-01-08,38.8941,38.9308,38.9217,38.8941,5423,11468,0.0709,00744B
110,2019-01-09,39.0043,39.0869,39.0043,39.0686,6380,11456,0.4485,00744B
111,2019-01-10,38.9492,39.2706,38.9492,39.2706,7159,12028,0.517,00744B
112,2019-01-11,39.3899,39.3899,39.3899,39.3899,4290,12000,0.304,00744B
113,2019-01-14,39.4175,39.4817,39.4175,39.4175,4858,12009,0.0699,00744B
114,2019-01-15,39.1879,39.3256,39.1879,39.2981,4796,11972,-0.3028,00744B
115,2019-01-16,39.2981,39.3532,39.3532,39.2981,4322,11972,0.0,00744B
116,2019-01-17,39.4927,39.5483,39.5483,39.5483,8835,11942,0.6308,00744B
117,2019-01-18,39.4186,39.4186,39.4186,39.4186,4255,11902,-0.3279,00744B
118,2019-01-21,39.3167,39.4371,39.4371,39.3167,4286,11872,-0.2585,00744B
119,2019-01-22,39.0387,39.1221,39.0943,39.0387,6164,11788,-0.7069,00744B
120,2019-01-23,39.2148,39.2148,39.2148,39.2148,4233,11841,0.4509,00744B
121,2019-01-24,39.187,39.2333,39.187,39.2333,131027,10894,0.0472,00744B
122,2019-01-25,39.1777,39.2426,39.1777,39.2426,4362,10896,0.0236,00744B
123,2019-01-28,39.2055,39.2055,39.2055,39.2055,511881,11267,-0.0944,00744B
124,2019-01-29,39.2518,39.2518,39.2518,39.2518,4237,10772,0.1181,00744B
125,2019-01-30,39.3908,39.3908,39.3908,39.3908,4252,10810,0.354,00744B
126,2019-02-11,39.3815,39.3815,39.3815,39.3815,4293,10807,-0.0235,00744B
127,2019-02-12,39.3074,39.3352,39.3074,39.3259,4754,10792,-0.1411,00744B
128,2019-02-13,39.3723,39.4927,39.4278,39.4927,4426,11733,0.424,00744B
129,2019-02-14,39.4834,39.5112,39.5112,39.4834,5584,12370,-0.0235,00744B
130,2019-02-15,39.3537,39.4649,39.3537,39.4649,6002,12875,-0.0469,00744B
131,2019-02-18,39.4186,39.5205,39.4186,39.5205,4861,12893,0.1408,00744B
132,2019-02-19,39.4186,39.4649,39.4556,39.4186,4345,13817,-0.2579,00744B
133,2019-02-20,39.7706,39.7984,39.7984,39.7706,4550,13941,0.8931,00744B
134,2019-02-21,39.7428,39.8633,39.7428,39.8633,4818,13973,0.2329,00744B
135,2019-02-22,39.7336,40.1134,39.8169,39.8355,5142,13512,-0.0697,00744B
136,2019-02-25,39.9188,40.2987,39.9188,40.2987,4436,13669,1.1628,00744B
137,2019-02-26,40.0022,40.206,40.1134,40.206,4512,13637,-0.2299,00744B
138,2019-02-27,40.1597,40.1597,40.1597,40.1597,1475070,15117,-0.1152,00744B
139,2019-03-04,39.9929,39.9929,39.9929,39.9929,43,15055,-0.4152,00744B
140,2019-03-05,39.8818,40.2987,40.2616,39.8818,1476896,16498,-0.278,00744B
141,2019-03-06,40.1134,40.1134,40.1134,40.1134,4330,16594,0.5807,00744B
142,2019-03-07,40.206,40.206,40.206,40.206,4340,16632,0.2309,00744B
143,2019-03-08,40.206,40.206,40.206,40.206,1480595,18520,0.0,00744B
144,2019-03-11,40.206,40.206,40.206,40.206,4340,18520,0.0,00744B
145,2019-03-12,40.206,40.4284,40.206,40.4284,4427,18753,0.553,00744B
146,2019-03-13,40.206,40.206,40.206,40.206,4340,17674,-0.55,00744B
147,2019-03-14,40.1597,40.1597,40.1597,40.1597,4335,17653,-0.1152,00744B
148,2019-03-15,40.0856,40.1504,40.0856,40.1504,4377,16674,-0.0231,00744B
149,2019-03-18,39.6687,40.0207,39.6687,40.0207,86,16620,-0.323,00744B
150,2019-03-19,39.4464,39.6039,39.5668,39.5853,42963,15606,-1.088,00744B
151,2019-03-20,39.5205,39.5483,39.5483,39.5205,4609,15581,-0.1638,00744B
152,2019-03-21,39.5112,39.6965,39.5205,39.6965,341,14686,0.4454,00744B
153,2019-03-22,39.5761,39.6409,39.6409,39.5761,726,14641,-0.3034,00744B
154,2019-03-25,39.5297,39.5668,39.5297,39.5575,768,14634,-0.0468,00744B
155,2019-03-26,39.5761,39.6039,39.6039,39.5761,683,14641,0.0468,00744B
156,2019-03-27,39.5112,39.6131,39.5483,39.539,683,13347,-0.0936,00744B
157,2019-03-28,39.4742,39.5112,39.4742,39.5112,511,13338,-0.0703,00744B
158,2019-03-29,39.4556,39.4742,39.4742,39.4556,1363,13319,-0.1407,00744B
159,2019-04-01,39.4742,39.502,39.4834,39.4742,1491,13325,0.047,00744B
160,2019-04-02,39.2981,39.4,39.3815,39.363,5609,13288,-0.2816,00744B
161,2019-04-03,39.2981,39.4,39.4,39.2981,4837,13839,-0.1647,00744B
162,2019-04-08,39.1777,39.224,39.2148,39.1777,8672,13796,-0.3065,00744B
163,2019-04-09,39.2611,39.2796,39.2704,39.2704,4621,14846,0.2365,00744B
164,2019-04-10,39.2426,39.2518,39.2426,39.2518,4364,15856,-0.0472,00744B
165,2019-04-11,39.3352,39.3352,39.3352,39.3352,6156,15890,0.2124,00744B
166,2019-04-12,39.3352,39.3445,39.3352,39.3445,962101,17359,0.0236,00744B
167,2019-04-15,39.2704,39.3259,39.3259,39.2704,4536,17326,-0.1884,00744B
168,2019-04-16,39.187,39.2426,39.2426,39.187,5416,18495,-0.2123,00744B
169,2019-04-17,39.1962,39.2333,39.2148,39.2333,958823,19469,0.1182,00744B
170,2019-04-18,39.3815,39.3908,39.3815,39.3908,27252,19548,0.4014,00744B
171,2019-04-19,39.363,39.363,39.363,39.363,4249,19853,-0.0706,00744B
172,2019-04-22,39.3537,39.4371,39.3537,39.3723,9349,19857,0.0235,00744B
173,2019-04-23,39.2889,39.3167,39.2889,39.3167,4371,19829,-0.1412,00744B
174,2019-04-24,39.1684,39.2055,39.1962,39.2055,5077,19773,-0.2828,00744B
175,2019-04-25,39.1777,39.1777,39.1777,39.1777,4229,19759,-0.0709,00744B
176,2019-04-26,39.1499,39.1777,39.1777,39.1499,4310,19745,-0.0709,00744B
177,2019-04-29,39.1777,39.2148,39.2148,39.1777,5032,19759,0.071,00744B
178,2019-04-30,39.1684,39.1777,39.1684,39.1777,5074,19759,0.0,00744B
179,2019-05-02,39.1777,39.2611,39.2148,39.2518,5163,19796,0.1892,00744B
180,2019-05-03,39.2333,39.2333,39.2333,39.2333,4235,19787,-0.0472,00744B
181,2019-05-06,39.0017,39.1407,39.048,39.1407,4603,19740,-0.2361,00744B
182,2019-05-07,38.9924,39.224,39.224,38.9924,8721,19666,-0.3787,00744B
183,2019-05-08,39.0573,39.1314,39.0573,39.0665,4596,19703,0.1901,00744B
184,2019-05-09,38.9091,39.0943,39.048,38.9091,8251,20947,-0.4031,00744B
185,2019-05-10,38.8905,38.9832,38.8998,38.9183,11895,20952,0.0238,00744B
186,2019-05-13,38.6682,38.9368,38.9183,38.6682,5562,20817,-0.6427,00744B
187,2019-05-14,38.696,38.8071,38.696,38.7886,5649,20882,0.3115,00744B
188,2019-05-15,38.7886,38.7979,38.7979,38.7886,4899,20882,0.0,00744B
189,2019-05-16,38.8442,38.8627,38.8627,38.8442,4824,22610,0.1433,00744B
190,2019-05-17,38.8535,38.872,38.872,38.8535,5117,23433,0.0238,00744B
191,2019-05-20,38.8349,38.9739,38.8349,38.9646,4668,23500,0.2861,00744B
192,2019-05-21,39.048,39.1592,39.1592,39.048,6617,23550,0.214,00744B
193,2019-05-22,39.1129,39.2611,39.1684,39.2611,6178,23679,0.5457,00744B
194,2019-05-23,39.0017,39.2055,39.187,39.0017,6162,23964,-0.6607,00744B
195,2019-05-24,39.0202,39.1777,39.0202,39.1777,5242,24073,0.4513,00744B
196,2019-05-27,39.0943,39.3259,39.1777,39.1962,4738,24084,0.0473,00744B
197,2019-05-28,39.1777,39.2055,39.2055,39.1777,4694,24073,-0.0473,00744B
198,2019-05-29,39.1684,39.2796,39.2148,39.2148,6558,24095,0.0946,00744B
199,2019-05-30,39.363,39.4649,39.4464,39.3723,8718,24702,0.4016,00744B
200,2019-05-31,39.4,39.4186,39.4186,39.4,4680,24720,0.0706,00744B
201,2019-06-03,39.3723,39.4464,39.3723,39.3815,5527,24708,-0.047,00744B
202,2019-06-04,39.2889,39.3815,39.3537,39.3074,6874,24662,-0.1882,00744B
203,2019-06-05,39.2518,39.3445,39.2518,39.3445,8359,24685,0.0943,00744B
204,2019-06-06,39.3537,39.4,39.4,39.363,960971,25652,0.0471,00744B
205,2019-06-10,39.3445,39.502,39.4278,39.3723,4590,26551,0.0235,00744B
206,2019-06-11,39.3537,39.4371,39.3537,39.4371,1978901,30490,0.1647,00744B
207,2019-06-12,39.4186,39.4278,39.4186,39.4278,4552,30483,-0.0235,00744B
208,2019-06-13,39.4927,39.6687,39.4927,39.6687,5079,31375,0.6109,00744B
209,2019-06-14,39.4464,39.539,39.539,39.4464,34762,31263,-0.5605,00744B
210,2019-06-17,39.4464,39.5575,39.5575,39.502,681,31307,0.1409,00744B
211,2019-06-18,39.4649,39.502,39.502,39.4649,1746,31278,-0.0938,00744B
212,2019-06-19,39.3815,39.4742,39.4371,39.4556,5916,31271,-0.0235,00744B
213,2019-06-20,39.2055,39.3723,39.2148,39.3723,2331,30695,-0.2113,00744B
214,2019-06-21,39.3723,39.4927,39.4927,39.3723,255,30695,0.0,00744B
215,2019-06-24,39.3259,39.3445,39.3352,39.3259,1358,30659,-0.1176,00744B
216,2019-06-25,39.3537,39.3537,39.3537,39.3537,127,30680,0.0707,00744B
217,2019-06-26,39.3723,39.3723,39.3723,39.3723,42,30695,0.0471,00744B
218,2019-06-27,39.3445,39.363,39.3445,39.363,5521,30687,-0.0235,00744B
219,2019-06-28,39.3074,39.3352,39.3352,39.3074,5092,30644,-0.1412,00744B
220,2019-07-01,39.2981,39.4834,39.2981,39.4556,14119,30760,0.3771,00744B
221,2019-07-02,39.3537,39.4371,39.4371,39.3723,7013,30695,-0.2113,00744B
222,2019-07-03,39.4186,39.5483,39.5112,39.539,17562,30825,0.4235,00744B
223,2019-07-04,39.539,39.6502,39.539,39.6131,12134,30882,0.1874,00744B
224,2019-07-05,39.6131,39.6131,39.6131,39.6131,4276,29920,0.0,00744B
225,2019-07-08,39.6131,39.6502,39.6131,39.6502,5991,28985,0.0935,00744B
226,2019-07-09,39.6872,39.7799,39.7799,39.715,4973,29869,0.1636,00744B
227,2019-07-10,39.678,39.678,39.678,39.678,4283,29905,-0.0933,00744B
228,2019-07-11,39.6131,39.6502,39.6502,39.6224,6373,29863,-0.1401,00744B
229,2019-07-12,39.6316,39.6316,39.6316,39.6316,4278,29870,0.0234,00744B
230,2019-07-15,39.6502,39.678,39.678,39.6502,4453,29884,0.0468,00744B
231,2019-07-16,39.6502,39.715,39.715,39.6502,4411,29884,0.0,00744B
232,2019-07-17,39.5098,39.594,39.5098,39.594,4400,29549,-0.1402,00744B
233,2019-07-18,39.6315,39.697,39.697,39.6315,513363,30085,0.0945,00744B
234,2019-07-19,39.6128,39.6502,39.6408,39.6502,4488,30099,0.0472,00744B
235,2019-07-22,39.6782,39.725,39.6782,39.7063,5347,30524,0.1416,00744B
236,2019-07-23,39.6876,39.7157,39.7157,39.6876,4326,30573,-0.0471,00744B
237,2019-07-24,39.7344,39.7344,39.7344,39.7344,4247,30609,0.1179,00744B
238,2019-07-25,39.7157,39.7157,39.7157,39.7157,4245,30595,-0.0471,00744B
239,2019-07-26,39.7063,39.7624,39.7063,39.725,5137,30602,0.0236,00744B
240,2019-07-29,39.6782,39.7437,39.7437,39.6876,4793,30573,-0.0942,00744B
241,2019-07-30,39.5753,39.7157,39.6876,39.6595,5933,31124,-0.0707,00744B
242,2019-07-31,39.6315,39.725,39.6315,39.725,4497,31175,0.1651,00744B
243,2019-08-01,39.7344,39.8747,39.8747,39.7344,5139,31183,0.0236,00744B
244,2019-08-02,39.7624,39.8186,39.8186,39.7812,8802,31219,0.1177,00744B
245,2019-08-05,39.6128,39.9963,39.9121,39.6128,527101,32611,-0.4233,00744B
246,2019-08-06,39.5286,39.6689,39.6689,39.566,6089,30606,-0.1181,00744B
247,2019-08-07,39.3976,39.6595,39.6595,39.4631,1026545,31476,-0.2601,00744B
248,2019-08-08,39.3227,39.3882,39.3882,39.3227,955819,32310,-0.3556,00744B
249,2019-08-12,39.2947,39.3134,39.2947,39.3134,6344,32617,-0.0238,00744B
250,2019-08-13,39.3976,39.5005,39.4069,39.4443,6448,32726,0.3332,00744B
251,2019-08-14,39.4537,39.5566,39.4537,39.5566,6384,31868,0.2846,00744B
252,2019-08-15,39.697,39.7437,39.7437,39.697,6408,32108,0.3548,00744B
253,2019-08-16,39.6408,39.6689,39.6689,39.6408,4364,32063,-0.1414,00744B
254,2019-08-19,39.5473,39.5473,39.5473,39.5473,4227,31987,-0.236,00744B
255,2019-08-20,39.4818,39.5005,39.5005,39.5005,4684,31886,-0.1183,00744B
256,2019-08-21,39.5005,39.5379,39.5379,39.5098,5447,31893,0.0237,00744B
257,2019-08-22,39.435,39.4911,39.4443,39.4911,52533,31878,-0.0474,00744B
258,2019-08-23,39.3601,39.4256,39.4256,39.3601,4754,31772,-0.3317,00744B
259,2019-08-26,39.2479,39.4724,39.4724,39.2479,6257,31682,-0.2852,00744B
260,2019-08-27,39.0327,39.0795,39.042,39.0795,5841,31546,-0.4291,00744B
261,2019-08-28,39.042,39.0795,39.042,39.0795,4260,31546,0.0,00744B
262,2019-08-29,39.0701,39.0982,39.0982,39.0701,4217,31538,-0.0239,00744B
263,2019-08-30,38.9859,39.0888,39.0888,38.9859,4334,31720,-0.2155,00744B
264,2019-09-02,38.9017,38.9859,38.9859,38.9017,5197,31652,-0.216,00744B
265,2019-09-03,38.8081,38.8175,38.8081,38.8175,4190,31583,-0.2165,00744B
266,2019-09-04,38.8081,38.8549,38.8081,38.8549,4440,31614,0.0964,00744B
267,2019-09-05,38.8549,38.8643,38.8643,38.8549,4693,31614,0.0,00744B
268,2019-09-06,38.8643,38.8924,38.8643,38.8924,4320,32580,0.0963,00744B
269,2019-09-09,38.9204,38.9578,38.9578,38.9578,4580,33821,0.1684,00744B
270,2019-09-10,38.9953,39.042,39.042,39.0233,4293,34379,0.1681,00744B
271,2019-09-11,38.9298,38.9391,38.9391,38.9298,4202,34795,-0.2398,00744B
272,2019-09-12,38.8736,38.9953,38.8736,38.9391,15068,35615,0.024,00744B
273,2019-09-16,38.8549,39.0233,39.0233,38.8924,5566,36633,-0.1201,00744B
274,2019-09-17,38.7801,38.9953,38.8924,38.7801,5061,36527,-0.2887,00744B
275,2019-09-18,38.7427,38.9017,38.9017,38.7614,5098,36509,-0.0483,00744B
276,2019-09-19,38.7427,38.8081,38.8081,38.7427,4265,36492,-0.0483,00744B
277,2019-09-20,38.7427,38.7988,38.7427,38.7988,4182,36545,0.1449,00744B
278,2019-09-23,38.6491,38.7146,38.7146,38.6585,4256,36412,-0.3617,00744B
279,2019-09-24,38.6865,38.7239,38.7239,38.7239,4217,36474,0.1694,00744B
280,2019-09-25,38.6491,38.7333,38.7333,38.7239,4632,36971,0.0,00744B
281,2019-09-26,38.6397,38.6491,38.6397,38.6491,2148,36899,-0.1933,00744B
282,2019-09-27,38.593,38.621,38.621,38.593,2227,37341,-0.1452,00744B
283,2019-10-01,38.4994,38.593,38.593,38.5088,4321,37259,-0.2182,00744B
284,2019-10-02,38.5275,38.5555,38.5275,38.5555,4159,37304,0.1215,00744B
285,2019-10-03,38.5181,38.5555,38.5555,38.5462,4240,37295,-0.0243,00744B
286,2019-10-04,38.1252,38.5462,38.5462,38.4339,4846,37187,-0.2913,00744B
287,2019-10-07,38.4246,38.4526,38.4526,38.4246,4353,37178,-0.0243,00744B
288,2019-10-08,38.2187,38.3871,38.331,38.2842,7451,37042,-0.3652,00744B
289,2019-10-09,38.1719,38.3029,38.2374,38.2374,6130,36997,-0.1222,00744B
290,2019-10-14,38.3029,38.3497,38.3497,38.3029,4134,37060,0.1713,00744B
291,2019-10-15,38.3029,38.3778,38.3029,38.3684,4380,37123,0.171,00744B
292,2019-10-16,38.2655,38.3684,38.3684,38.3029,6549,37060,-0.1707,00744B
293,2019-10-17,38.2936,38.2936,38.2936,38.2936,4093,37051,-0.0244,00744B
294,2019-10-18,38.3123,38.331,38.3123,38.331,6881,37087,0.0977,00744B
295,2019-10-21,38.2,38.3029,38.2,38.2936,5157,37174,-0.0976,00744B
296,2019-10-22,38.1813,38.2094,38.2094,38.1813,4203,37065,-0.2932,00744B
297,2019-10-23,38.2,38.462,38.462,38.2094,4328,37092,0.0735,00744B
298,2019-10-24,38.2468,38.2842,38.2842,38.2655,4784,36840,0.1469,00744B
299,2019-10-25,38.2468,38.2936,38.2936,38.2468,4456,36822,-0.0489,00744B
300,2019-10-28,38.2187,38.2749,38.2187,38.2187,4575,36795,-0.0734,00744B
301,2019-10-29,38.0784,38.1813,38.1813,38.1345,4361,36714,-0.2203,00744B
302,2019-10-30,37.9381,38.0129,38.0035,37.9474,4421,36534,-0.4907,00744B
303,2019-10-31,37.8819,37.9568,37.9381,37.9568,4340,36543,0.0247,00744B
304,2019-11-01,37.9661,37.9661,37.9661,37.9661,4058,36552,0.0246,00744B
305,2019-11-04,37.9006,38.0503,37.9193,38.0503,7586,38585,0.2218,00744B
306,2019-11-05,37.9568,38.0877,38.0035,38.0877,6664,39600,0.0984,00744B
307,2019-11-06,38.0784,38.1719,38.0784,38.1719,7174,40667,0.2211,00744B
308,2019-11-07,38.1719,38.2,38.1719,38.2,4164,40696,0.0735,00744B
309,2019-11-08,38.2749,38.3591,38.3591,38.2749,4304,40776,0.1959,00744B
310,2019-11-11,38.2281,38.3123,38.3029,38.2281,4457,40726,-0.1222,00744B
311,2019-11-12,38.2468,38.2468,38.2468,38.2468,4088,41727,0.0489,00744B
312,2019-11-13,38.2187,38.2655,38.2187,38.2655,4251,41748,0.0489,00744B
313,2019-11-14,38.2749,38.3497,38.2749,38.3216,4834,42792,0.1467,00744B
314,2019-11-15,38.3591,38.49,38.3591,38.49,5707,42980,0.4395,00744B
315,2019-11-18,38.4526,38.5088,38.4526,38.5088,4403,43989,0.0486,00744B
316,2019-11-19,38.5275,38.5275,38.5275,38.5275,4118,44999,0.0486,00744B
317,2019-11-20,38.5275,38.5275,38.5275,38.5275,4118,44999,0.0,00744B
318,2019-11-21,38.5743,38.5743,38.5743,38.5743,4123,45053,0.1214,00744B
319,2019-11-22,38.5275,38.5368,38.5368,38.5275,4571,44999,-0.1213,00744B
320,2019-11-25,38.5462,38.5462,38.5462,38.5462,4120,45020,0.0486,00744B
321,2019-11-26,38.4807,38.4994,38.4994,38.4807,4526,44944,-0.1699,00744B
322,2019-11-27,38.5368,38.6023,38.5555,38.5649,5028,45042,0.2188,00744B
323,2019-11-28,38.593,38.6023,38.6023,38.593,4248,45075,0.0728,00744B
324,2019-11-29,38.5181,38.6865,38.5181,38.6865,4330,45184,0.2424,00744B
325,2019-12-02,38.5181,38.6023,38.5181,38.5836,4371,45064,-0.266,00744B
326,2019-12-03,38.4994,38.5462,38.4994,38.5462,4202,45020,-0.097,00744B
327,2019-12-04,38.3965,38.4994,38.4994,38.4246,5091,44878,-0.3155,00744B
328,2019-12-05,37.8819,38.4807,38.4807,38.4807,4802,44944,0.1461,00744B
329,2019-12-06,38.5275,38.5275,38.5275,38.5275,4118,44999,0.1216,00744B
330,2019-12-09,38.5555,38.5836,38.5836,38.5836,4824,45064,0.1457,00744B
331,2019-12-10,38.5462,38.5743,38.5462,38.5743,4164,45053,-0.0242,00744B
332,2019-12-11,38.5649,38.5649,38.5649,38.5649,4122,45042,-0.0243,00744B
333,2019-12-12,38.4526,38.49,38.49,38.4807,5058,44944,-0.2183,00744B
334,2019-12-13,38.593,38.6959,38.593,38.6959,4589,45195,0.5592,00744B
335,2019-12-16,38.4994,38.6491,38.6397,38.4994,9110,44966,-0.5077,00744B
336,2019-12-17,38.4526,38.4713,38.4526,38.4526,8548,44911,-0.1215,00744B
337,2019-12-18,38.3404,38.4152,38.3965,38.3497,9928,44791,-0.2676,00744B
338,2019-12-19,38.4339,38.462,38.462,38.4339,8791,44889,0.2196,00744B
339,2019-12-20,38.3965,38.4339,38.4339,38.3965,8667,44846,-0.0974,00744B
340,2019-12-23,38.4433,38.4807,38.4526,38.4526,10071,44911,0.1462,00744B
341,2019-12-24,38.4994,38.4994,38.4994,38.4994,8641,44966,0.1217,00744B
342,2019-12-25,38.5088,38.5088,38.5088,38.5088,8232,44977,0.0243,00744B
343,2019-12-26,38.5181,38.5181,38.5181,38.5181,8234,44988,0.0243,00744B
344,2019-12-27,38.4807,38.4807,38.4807,38.4807,8226,44944,-0.0972,00744B
345,2019-12-30,38.5088,38.621,38.5088,38.621,8396,45108,0.3647,00744B
346,2019-12-31,38.5368,38.5743,38.5368,38.5743,8287,45053,-0.1211,00744B
347,2020-01-02,38.6023,38.6772,38.6023,38.6772,4299,45173,0.2668,00744B
348,2020-01-03,38.6491,38.6865,38.6865,38.6491,4213,45141,-0.0726,00744B
349,2020-01-06,38.6304,38.7052,38.6865,38.6304,4384,45119,-0.0484,00744B
350,2020-01-07,38.593,38.7239,38.593,38.7239,4840,45228,0.2422,00744B
351,2020-01-08,38.8362,38.883,38.8362,38.883,4239,45414,0.4107,00744B
352,2020-01-09,38.8269,38.8269,38.8269,38.8269,4150,45348,-0.1444,00744B
353,2020-01-10,38.8175,38.8549,38.8549,38.8175,4771,45337,-0.0241,00744B
354,2020-01-13,38.9111,38.9391,38.9111,38.9391,4203,45479,0.3133,00744B
355,2020-01-14,38.9391,39.1543,38.9391,39.1543,6773,45731,0.5526,00744B
356,2020-01-15,39.0795,39.0982,39.0888,39.0795,7686,45643,-0.1912,00744B
357,2020-01-16,39.173,39.1824,39.173,39.1824,4605,45763,0.2633,00744B
358,2020-01-17,39.2479,39.2666,39.2479,39.2666,4406,45862,0.2149,00744B
359,2020-01-20,39.3882,39.4256,39.3882,39.4256,4677,46048,0.4051,00744B
360,2020-01-30,39.4446,39.5585,39.5206,39.5585,5121,45545,0.3322,00744B
361,2020-01-31,39.5585,39.5585,39.5585,39.5585,4168,45545,0.0,00744B
362,2020-02-03,39.5111,39.625,39.625,39.5111,5962,45490,-0.12,00744B
363,2020-02-04,39.6724,39.7199,39.6724,39.7199,5853,45731,0.5285,00744B
364,2020-02-05,39.4826,39.7768,39.7768,39.5111,5995,45490,-0.5257,00744B
365,2020-02-06,39.6155,39.7104,39.6155,39.7104,4225,45720,0.5044,00744B
366,2020-02-07,39.606,39.6819,39.606,39.6724,4888,45676,-0.0956,00744B
367,2020-02-10,39.6914,39.7294,39.6914,39.7294,5188,45742,0.1435,00744B
368,2020-02-11,39.6724,39.6724,39.6724,39.6724,4180,45676,-0.1433,00744B
369,2020-02-12,39.6155,39.6345,39.6345,39.6155,4549,45610,-0.1435,00744B
370,2020-02-13,39.587,39.587,39.587,39.587,5213,45578,-0.0719,00744B
371,2020-02-14,39.5301,39.5585,39.5585,39.5585,4418,45545,-0.0719,00744B
372,2020-02-17,39.5301,39.5585,39.5585,39.549,5081,45534,-0.024,00744B
373,2020-02-18,39.5206,39.568,39.568,39.5395,4289,45523,-0.024,00744B
374,2020-02-19,39.587,39.6155,39.6155,39.587,4296,45578,0.12,00744B
375,2020-02-20,39.5775,39.625,39.5775,39.6155,4257,45610,0.0719,00744B
376,2020-02-21,39.7389,39.7578,39.7578,39.7389,4228,45753,0.3115,00744B
377,2020-02-24,39.7009,39.9192,39.8812,39.7863,61525,45870,0.1194,00744B
378,2020-02-25,39.7768,39.9382,39.7768,39.9002,4581,46001,0.2863,00744B
379,2020-02-26,39.8717,39.8717,39.8717,39.8717,4201,45969,-0.0714,00744B
380,2020-02-27,39.8243,39.8243,39.8243,39.8243,4196,45914,-0.119,00744B
381,2020-03-02,39.9192,39.9192,39.9192,39.9192,4206,46023,0.2383,00744B
382,2020-03-03,39.9192,39.9192,39.9192,39.9192,4206,46023,0.0,00744B
383,2020-03-04,40.0236,40.0236,40.0236,40.0236,4217,46144,0.2615,00744B
384,2020-03-05,40.0236,40.0616,40.0236,40.0616,4684,46187,0.0949,00744B
385,2020-03-06,39.9856,40.1565,40.1565,39.9856,4425,46100,-0.1895,00744B
386,2020-03-09,40.2514,40.4032,40.2514,40.4032,637,46581,1.0444,00744B
387,2020-03-10,40.2514,40.2514,40.2514,40.2514,4241,46406,-0.3759,00744B
388,2020-03-11,40.3463,40.4127,40.3463,40.4127,4300,46592,0.4008,00744B
389,2020-03-12,40.4127,40.4127,40.4127,40.4127,4258,46592,0.0,00744B
390,2020-03-13,39.5965,40.0521,39.5965,40.0521,5016,46176,-0.8924,00744B
391,2020-03-16,39.6439,39.6439,39.6439,39.6439,4177,45706,-1.019,00744B
392,2020-03-17,39.4826,39.8622,39.7863,39.8433,5041,45936,0.5028,00744B
393,2020-03-18,39.6724,39.6724,39.6724,39.6724,4180,45739,-0.4288,00744B
394,2020-03-19,39.1504,39.3877,39.3877,39.1504,454,45137,-1.3158,00744B
395,2020-03-20,39.1504,39.3877,39.1504,39.3877,372,45161,0.6061,00744B
396,2020-03-23,39.2928,39.3877,39.3877,39.2928,20741,44059,-0.241,00744B
397,2020-03-24,39.2263,39.7863,39.2358,39.4541,4723,44240,0.4106,00744B
398,2020-03-25,39.4636,39.625,39.625,39.5301,4282,44325,0.1924,00744B
399,2020-03-26,39.4351,39.5775,39.4351,39.5775,4294,44378,0.12,00744B
400,2020-03-27,39.5775,39.625,39.5775,39.6155,667,44421,0.0959,00744B
401,2020-03-30,39.5301,39.7294,39.6534,39.7294,4810,44549,0.2875,00744B
402,2020-03-31,39.8622,39.8622,39.8622,39.8622,4200,44698,0.3344,00744B
403,2020-04-01,39.7958,39.8622,39.8338,39.8622,4535,44698,0.0,00744B
404,2020-04-06,39.8148,39.8622,39.8148,39.8622,4237,44698,0.0,00744B
405,2020-04-07,39.8528,40.128,39.8528,40.128,4732,44996,0.6667,00744B
406,2020-04-08,39.9951,40.0521,40.0521,39.9951,4304,44847,-0.3311,00744B
407,2020-04-09,40.3368,40.3368,40.3368,40.3368,4250,45230,0.8543,00744B
408,2020-04-10,40.2419,41.0866,41.0866,40.5171,5248,45432,0.4471,00744B
409,2020-04-13,40.2798,40.3368,40.2893,40.3368,5311,45230,-0.4451,00744B
410,2020-04-14,40.3368,40.3842,40.3842,40.3368,4297,45230,0.0,00744B
411,2020-04-15,40.2798,40.3368,40.2798,40.3368,4334,45230,0.0,00744B
412,2020-04-16,40.2893,40.3368,40.2893,40.3368,4287,45230,0.0,00744B
413,2020-04-17,40.4317,40.4317,40.4317,40.4317,4260,45336,0.2353,00744B
414,2020-04-20,40.147,40.2134,40.2134,40.147,7150,45017,-0.7042,00744B
415,2020-04-21,40.0331,40.0995,40.0995,40.0331,5279,44889,-0.2837,00744B
416,2020-04-22,40.0995,40.147,40.147,40.0995,4267,43950,0.166,00744B
417,2020-04-23,40.1849,40.2419,40.2419,40.1849,5001,44043,0.213,00744B
418,2020-04-24,40.0995,40.2704,40.2704,40.0995,5029,43950,-0.2126,00744B
419,2020-04-27,40.0995,40.0995,40.0995,40.0995,4225,43950,0.0,00744B
420,2020-04-28,40.0236,40.0426,40.0331,40.0331,4639,43371,-0.1657,00744B
421,2020-04-29,39.9666,40.0141,39.9951,40.0141,4510,43350,-0.0474,00744B
422,2020-04-30,39.9097,39.9097,39.9097,39.9097,4205,43237,-0.2609,00744B
423,2020-05-04,39.9951,40.0521,40.0236,40.0521,6962,43391,0.3567,00744B
424,2020-05-05,39.9951,40.0141,40.0141,39.9951,4256,43330,-0.1422,00744B
425,2020-05-06,39.9572,40.0141,39.9572,39.9572,4505,43288,-0.0949,00744B
426,2020-05-07,39.9002,39.9572,39.9097,39.9572,4378,43288,0.0,00744B
427,2020-05-08,39.8622,39.8622,39.8622,39.8622,4200,43186,-0.2375,00744B
428,2020-05-11,39.6724,39.7673,39.7578,39.6724,4808,42980,-0.4762,00744B
429,2020-05-12,39.5775,39.587,39.587,39.5775,4628,42877,-0.2392,00744B
430,2020-05-13,39.5775,39.587,39.5775,39.587,4378,42887,0.024,00744B
431,2020-05-14,39.4351,39.4351,39.4351,39.4351,4155,42723,-0.3836,00744B
432,2020-05-15,39.4826,39.4826,39.4826,39.4826,4160,42774,0.1203,00744B
433,2020-05-18,39.4351,39.4921,39.4921,39.4351,4363,42723,-0.1202,00744B
434,2020-05-19,39.3402,39.3782,39.3402,39.3782,4767,42640,-0.1444,00744B
435,2020-05-20,39.4351,39.4921,39.4351,39.4921,5153,42764,0.2892,00744B
436,2020-05-21,39.4351,39.4921,39.4921,39.4351,4238,42702,-0.1442,00744B
437,2020-05-22,39.4921,39.5016,39.4921,39.5016,4577,42774,0.1685,00744B
438,2020-05-25,39.5016,39.5016,39.5016,39.5016,4162,42774,0.0,00744B
439,2020-05-26,39.3118,39.3687,39.3687,39.3118,5220,42568,-0.4805,00744B
440,2020-05-27,39.1314,39.1884,39.1884,39.1314,4331,42373,-0.4587,00744B
441,2020-05-28,39.1979,39.2548,39.2548,39.1979,5121,42445,0.1698,00744B
442,2020-05-29,39.1504,39.1504,39.1504,39.1504,4125,42373,-0.1211,00744B
443,2020-06-01,39.2833,39.2833,39.2833,39.2833,4180,42517,0.3394,00744B
444,2020-06-02,39.1504,39.1504,39.1504,39.1504,4125,42373,-0.3382,00744B
445,2020-06-03,38.9226,39.0175,39.0175,38.9226,4142,42127,-0.5818,00744B
446,2020-06-04,38.9131,38.9226,38.9226,38.9131,4183,42116,-0.0244,00744B
447,2020-06-05,38.7992,38.9131,38.9131,38.8182,4744,42014,-0.2439,00744B
448,2020-06-08,38.8182,38.8182,38.8182,38.8182,4090,42014,0.0,00744B
449,2020-06-09,38.9606,38.9606,38.9606,38.9606,4105,42168,0.3667,00744B
450,2020-06-10,38.8657,38.9131,38.9131,38.8657,4217,42065,-0.2436,00744B
451,2020-06-11,38.8182,38.8182,38.8182,38.8182,4090,42014,-0.1221,00744B
452,2020-06-12,38.9606,39.1409,39.1409,38.9606,4187,42168,0.3667,00744B
453,2020-06-15,39.027,39.027,39.027,39.027,4112,42240,0.1705,00744B
454,2020-06-16,38.8562,38.9131,38.8562,38.9131,10529,42116,-0.2918,00744B
455,2020-06-17,38.6854,38.7328,38.7328,38.7233,4202,41911,-0.4878,00744B
456,2020-06-18,38.6569,38.6759,38.6569,38.6664,4523,41849,-0.1471,00744B
457,2020-06-19,38.6474,38.6474,38.6474,38.6474,4112,41829,-0.0491,00744B
458,2020-06-22,38.7043,38.7043,38.7043,38.7043,4241,41890,0.1473,00744B
459,2020-06-23,38.5335,38.581,38.581,38.5335,4628,41705,-0.4414,00744B
460,2020-06-24,38.5904,38.6189,38.5904,38.5999,4595,41777,0.1724,00744B
461,2020-06-29,38.6284,38.6759,38.6759,38.6284,4844,41808,0.0738,00744B
462,2020-06-30,38.486,38.581,38.486,38.581,4105,41757,-0.1229,00744B
463,2020-07-01,38.6759,38.7043,38.6948,38.6759,4648,41860,0.246,00744B
464,2020-07-02,38.6379,38.6854,38.6759,38.6569,8756,41839,-0.0491,00744B
465,2020-07-03,38.6284,38.6379,38.6284,38.6379,4111,41818,-0.0491,00744B
466,2020-07-06,38.486,38.5904,38.5904,38.486,5028,41654,-0.393,00744B
467,2020-07-07,38.486,38.5335,38.4955,38.5335,4582,41705,0.1233,00744B
468,2020-07-08,38.524,38.5904,38.5904,38.5335,4344,41705,0.0,00744B
469,2020-07-09,38.486,38.5525,38.4955,38.486,5556,41654,-0.1232,00744B
470,2020-07-10,38.4101,38.4386,38.4291,38.4101,4171,41572,-0.1973,00744B
471,2020-07-13,38.2867,38.2962,38.2867,38.2962,4075,41449,-0.2965,00744B
472,2020-07-14,38.3816,38.3816,38.3816,38.3816,4610,41541,0.223,00744B
473,2020-07-15,38.3816,38.3816,38.3816,38.3816,4044,41541,0.0,00744B
474,2020-07-16,38.4671,38.4671,38.4671,38.4671,4053,41634,0.2226,00744B
475,2020-07-17,38.5335,38.5904,38.543,38.5904,7271,41767,0.3208,00744B
476,2020-07-20,38.6869,38.7159,38.7159,38.6966,4210,41192,0.2705,00744B
477,2020-07-21,38.6001,38.6773,38.6773,38.6001,4640,41089,-0.2494,00744B
478,2020-07-22,38.8413,38.8413,38.8413,38.8413,4025,41346,0.625,00744B
479,2020-07-23,38.6676,38.7448,38.7448,38.7448,4415,41243,-0.2484,00744B
480,2020-07-24,38.7448,38.7448,38.7448,38.7448,4015,41243,0.0,00744B
481,2020-07-27,38.8124,38.8124,38.8124,38.8124,4022,41315,0.1743,00744B
482,2020-07-28,38.6483,38.6483,38.6483,38.6483,4005,41140,-0.4227,00744B
483,2020-07-29,38.6001,38.6001,38.6001,38.6001,4000,41089,-0.1248,00744B
484,2020-07-30,38.5036,38.5036,38.5036,38.5036,3990,40986,-0.25,00744B
485,2020-07-31,38.5036,38.5518,38.5036,38.5518,4074,41038,0.1253,00744B
486,2020-08-03,38.5518,38.7159,38.5518,38.7159,6167,41212,0.4255,00744B
487,2020-08-04,38.7931,38.7931,38.7931,38.7931,4020,41295,0.1994,00744B
488,2020-08-05,38.8413,38.851,38.8413,38.851,4065,41376,0.1493,00744B
489,2020-08-06,38.9764,39.0826,38.9764,39.0826,6023,41623,0.5961,00744B
490,2020-08-07,38.9185,38.9668,38.9378,38.9668,4357,41500,-0.2963,00744B
491,2020-08-10,38.7159,38.9185,38.9185,38.8317,8872,41356,-0.3467,00744B
492,2020-08-11,38.8896,39.015,38.8896,39.015,6133,41551,0.4722,00744B
493,2020-08-12,38.9378,38.9764,38.9378,38.9764,4842,41510,-0.0989,00744B
494,2020-08-13,38.9764,38.9764,38.9764,38.9764,4039,41510,0.0,00744B
495,2020-08-14,38.9378,38.9378,38.9378,38.9378,4035,41469,-0.099,00744B
496,2020-08-17,38.9378,39.1791,38.9378,39.0826,4211,41623,0.3717,00744B
497,2020-08-18,39.1308,39.1791,39.1308,39.1694,4587,41715,0.2222,00744B
498,2020-08-19,39.1791,39.2177,39.1791,39.2177,4551,41767,0.1232,00744B
499,2020-08-20,39.1405,39.2177,39.2177,39.1405,4181,41685,-0.1969,00744B
500,2020-08-21,39.1791,39.1791,39.1791,39.1791,4060,41726,0.0986,00744B
501,2020-08-24,39.1791,39.2273,39.1791,39.2273,4917,41777,0.1232,00744B
502,2020-08-25,39.1115,39.1308,39.1115,39.1308,4095,41674,-0.246,00744B
503,2020-08-26,39.1308,39.1308,39.1308,39.1308,4055,41674,0.0,00744B
504,2020-08-27,39.1984,39.1984,39.1984,39.1984,4062,41746,0.1726,00744B
505,2020-08-28,39.0826,39.0826,39.0826,39.0826,4050,41623,-0.2954,00744B
506,2020-08-31,39.1598,39.2273,39.1598,39.2273,4146,41757,0.3704,00744B
507,2020-09-01,39.2852,39.4686,39.2852,39.4203,4253,41962,0.492,00744B
508,2020-09-02,39.3721,39.4396,39.4396,39.3721,4202,41911,-0.1224,00744B
509,2020-09-03,39.2756,39.2949,39.2949,39.2756,4110,41808,-0.2451,00744B
510,2020-09-04,39.1308,39.1308,39.1308,39.1308,4055,41654,-0.3686,00744B
511,2020-09-07,38.9764,39.2273,38.9764,39.2273,5395,41757,0.2466,00744B
512,2020-09-08,39.1887,39.3238,39.3238,39.2273,4593,41757,0.0,00744B
513,2020-09-09,39.1308,39.1887,39.1887,39.1308,4136,41654,-0.246,00744B
514,2020-09-10,39.3238,39.3238,39.3238,39.3238,4238,41860,0.4932,00744B
515,2020-09-11,39.3238,39.3431,39.3238,39.3431,4360,41880,0.0491,00744B
516,2020-09-14,39.1887,39.3045,39.2659,39.2563,5573,41788,-0.2208,00744B
517,2020-09-15,39.3238,39.4686,39.3238,39.3914,4697,41931,0.3441,00744B
518,2020-09-16,39.4203,39.4203,39.4203,39.4203,4166,41962,0.0735,00744B
519,2020-09-17,39.2756,39.3238,39.3238,39.2756,4115,41808,-0.3672,00744B
520,2020-09-18,39.2756,39.2756,39.2756,39.2756,4070,41808,0.0,00744B
521,2020-09-21,39.1887,39.2273,39.2273,39.1887,4146,41716,-0.2211,00744B
522,2020-09-22,39.1308,39.1308,39.1308,39.1308,4055,41654,-0.1477,00744B
523,2020-09-23,39.2273,39.2756,39.2756,39.2273,4105,41757,0.2466,00744B
524,2020-09-24,39.2466,39.2466,39.2466,39.2466,4067,41777,0.0492,00744B
525,2020-09-25,39.1791,39.1791,39.1791,39.1791,4060,39249,-0.1721,00744B
526,2020-09-28,39.0343,39.0343,39.0343,39.0343,4045,36151,-0.3695,00744B
527,2020-09-29,38.8413,38.8703,38.8703,38.8413,4226,33376,-0.4944,00744B
528,2020-09-30,38.7931,38.8606,38.7931,38.8606,4060,33393,0.0497,00744B
529,2020-10-05,38.8413,38.8606,38.8606,38.8413,4065,33376,-0.0497,00744B
530,2020-10-06,38.7062,38.7062,38.7062,38.7062,4091,33260,-0.3478,00744B
531,2020-10-07,38.6966,38.6966,38.6966,38.6966,4010,33252,-0.0249,00744B
532,2020-10-08,38.7352,38.8317,38.7352,38.7931,4421,33335,0.2494,00744B
533,2020-10-12,38.8896,38.8896,38.8896,38.8896,4030,33418,0.2488,00744B
534,2020-10-13,38.8413,38.8703,38.8413,38.8413,4548,33376,-0.1241,00744B
535,2020-10-14,38.8606,38.8896,38.8606,38.8896,4432,33418,0.1242,00744B
536,2020-10-15,38.9475,38.9861,38.9475,38.9861,4443,33501,0.2481,00744B
537,2020-10-16,38.9957,39.0826,38.9957,39.0826,4454,33584,0.2475,00744B
538,2020-10-19,39.1308,39.1694,39.1694,39.1308,4095,33625,0.1235,00744B
539,2020-10-20,39.2273,39.2273,39.2273,39.2273,4065,33708,0.2466,00744B
540,2020-10-21,39.3238,39.3238,39.3238,39.3238,4075,33791,0.246,00744B
541,2020-10-22,39.3721,39.3721,39.3721,39.3721,4080,33833,0.1227,00744B
542,2020-10-23,39.1791,39.2659,39.2659,39.1791,4385,33667,-0.4902,00744B
543,2020-10-26,39.1791,39.2466,39.208,39.1791,4303,33667,0.0,00744B
544,2020-10-27,39.015,39.0826,39.015,39.0826,4090,33584,-0.2463,00744B
545,2020-10-28,39.0826,39.0826,39.0826,39.0826,4050,33584,0.0,00744B
546,2020-10-29,39.0536,39.0536,39.0536,39.0536,4047,33559,-0.0741,00744B
547,2020-10-30,39.2756,39.2756,39.2756,39.2756,4070,33750,0.5683,00744B
548,2020-11-02,39.2756,39.2756,39.2756,39.2756,4070,33750,0.0,00744B
549,2020-11-03,39.2949,39.3238,39.2949,39.3238,4237,33791,0.1229,00744B
550,2020-11-04,39.1791,39.1791,39.1791,39.1791,4060,33667,-0.3681,00744B
551,2020-11-05,39.2756,39.3431,39.3431,39.2756,4925,33750,0.2463,00744B
552,2020-11-06,39.2563,39.3721,39.3721,39.3721,6197,33833,0.2457,00744B
553,2020-11-09,39.2273,39.4975,39.2273,39.4782,5603,33924,0.2696,00744B
554,2020-11-10,39.4686,39.4686,39.4686,39.4686,4090,33915,-0.0244,00744B
555,2020-11-11,39.3721,39.4686,39.3721,39.4686,4294,33915,0.0,00744B
556,2020-11-12,39.4686,39.4686,39.4686,39.4686,4090,33915,0.0,00744B
557,2020-11-13,39.4686,39.4686,39.4686,39.4686,4090,33915,0.0,00744B
558,2020-11-16,39.6133,39.6133,39.6133,39.6133,4515,34040,0.3667,00744B
559,2020-11-17,39.6133,39.6519,39.6519,39.6133,4515,34040,0.0,00744B
560,2020-11-18,39.6616,39.7098,39.6616,39.7098,4151,34123,0.2436,00744B
561,2020-11-19,39.7098,39.7098,39.7098,39.7098,4156,34123,0.0,00744B
562,2020-11-20,39.6616,39.6616,39.6616,39.6616,4110,34081,-0.1215,00744B
563,2020-11-23,39.6905,39.7581,39.7002,39.7581,5066,34164,0.2433,00744B
564,2020-11-24,39.6616,39.6616,39.6616,39.6616,4110,34081,-0.2427,00744B
565,2020-11-25,39.6616,39.6616,39.6616,39.6616,4110,34081,0.0,00744B
566,2020-11-26,39.7581,39.7581,39.7581,39.7581,4120,34164,0.2433,00744B
567,2020-11-27,39.7581,39.7581,39.7581,39.7581,4120,34164,0.0,00744B
568,2020-11-30,39.6712,39.7098,39.6712,39.7098,4279,34123,-0.1214,00744B
569,2020-12-01,39.7195,39.7581,39.7581,39.7195,4611,34131,0.0243,00744B
570,2020-12-02,39.816,39.9028,39.816,39.9028,4176,34289,0.4616,00744B
571,2020-12-03,39.8449,39.9028,39.8739,39.9028,4795,34289,0.0,00744B
572,2020-12-04,39.8546,39.8546,39.8546,39.8546,4130,34247,-0.1209,00744B
573,2020-12-07,39.6133,39.6423,39.6423,39.6133,4187,34040,-0.6053,00744B
574,2020-12-08,39.623,39.6616,39.6616,39.6616,4356,34081,0.1218,00744B
575,2020-12-09,39.6616,39.6616,39.6616,39.6616,4110,34081,0.0,00744B
576,2020-12-10,39.6616,39.6616,39.6616,39.6616,4110,33054,0.0,00744B
577,2020-12-11,39.6616,39.6616,39.6616,39.6616,4110,33054,0.0,00744B
578,2020-12-14,39.5651,39.5651,39.5651,39.5651,4100,32461,-0.2433,00744B
579,2020-12-15,39.5168,39.5168,39.5168,39.5168,4095,32421,-0.122,00744B
580,2020-12-16,39.4686,39.4686,39.4686,39.4686,4090,32382,-0.1221,00744B
581,2020-12-17,39.5651,39.5651,39.5651,39.5651,4510,32071,0.2445,00744B
582,2020-12-18,39.4493,39.4589,39.4493,39.4589,4701,31331,-0.2683,00744B
583,2020-12-21,39.4782,39.4782,39.4782,39.4782,4131,31346,0.0489,00744B
584,2020-12-22,39.5168,39.5168,39.5168,39.5168,4095,31377,0.0978,00744B
585,2020-12-23,39.5554,39.5651,39.5651,39.5554,4140,31408,0.0977,00744B
586,2020-12-24,39.5651,39.5651,39.5651,39.5651,4141,31415,0.0244,00744B
587,2020-12-25,39.7581,39.8546,39.7581,39.8546,8299,31645,0.7317,00744B
588,2020-12-28,39.6809,39.7098,39.6809,39.7098,4361,31530,-0.3632,00744B
589,2020-12-29,39.7388,39.8546,39.7388,39.7581,6561,31569,0.1215,00744B
590,2020-12-30,39.8546,39.8546,39.8546,39.8546,4130,31645,0.2427,00744B
591,2020-12-31,39.9511,40.0958,39.9511,39.9704,7252,31737,0.2906,00744B
592,2021-01-04,40.0669,40.2888,40.0765,40.2888,5462,31990,0.7967,00744B
593,2021-01-05,40.2406,40.4239,40.4239,40.2406,5608,31952,-0.1198,00744B
594,2021-01-06,40.202,40.2406,40.2116,40.202,5294,31921,-0.0959,00744B
595,2021-01-07,40.2406,40.2888,40.2888,40.2406,4800,31952,0.096,00744B
596,2021-01-08,40.1441,40.1923,40.1441,40.1923,4581,31913,-0.1199,00744B
597,2021-01-11,40.0765,40.1055,40.0765,40.0765,5194,31821,-0.2881,00744B
598,2021-01-12,40.1923,40.2695,40.1923,40.2695,7090,31975,0.4816,00744B
599,2021-01-13,40.2502,40.2792,40.2792,40.2502,4215,31959,-0.0479,00744B
600,2021-01-14,40.1923,40.202,40.1923,40.1923,5415,31913,-0.1439,00744B
601,2021-01-15,40.202,40.3081,40.2502,40.202,6301,31921,0.024,00744B
602,2021-01-18,40.1634,40.1923,40.1634,40.1923,4661,31913,-0.024,00744B
603,2021-01-19,40.2021,40.2021,40.2021,40.2021,4091,31346,0.024,00744B
604,2021-01-20,40.2021,40.2611,40.2021,40.2611,5447,31392,0.1467,00744B
605,2021-01-21,40.3397,40.3397,40.3397,40.3397,4597,31454,0.1953,00744B
606,2021-01-22,40.2808,40.3004,40.3004,40.3004,4222,31218,-0.0974,00744B
607,2021-01-25,40.3495,40.3495,40.3495,40.3495,4147,31051,0.1219,00744B
608,2021-01-26,40.3495,40.3495,40.3495,40.3495,4106,31051,0.0,00744B
609,2021-01-27,40.3102,40.3201,40.3102,40.3201,4226,30823,-0.0731,00744B
610,2021-01-28,40.2021,40.2021,40.2021,40.2021,4091,30733,-0.2925,00744B
611,2021-01-29,40.2906,40.2906,40.2906,40.2906,4100,30800,0.22,00744B
612,2021-02-01,40.2906,40.4773,40.4773,40.2906,4716,30800,0.0,00744B
613,2021-02-02,40.2414,40.2709,40.2414,40.2709,4177,30785,-0.0488,00744B
614,2021-02-03,40.2414,40.2906,40.2414,40.2709,6721,30785,0.0,00744B
615,2021-02-04,40.2808,40.2808,40.2808,40.2808,4099,30793,0.0244,00744B
616,2021-02-05,40.1923,40.2513,40.1923,40.2513,5732,30770,-0.0732,00744B
617,2021-02-17,40.3102,40.4085,40.3495,40.4085,4846,30890,0.3906,00744B
618,2021-02-18,40.2611,40.3004,40.2906,40.2709,5327,30785,-0.3405,00744B
619,2021-02-19,40.1137,40.1333,40.1333,40.1137,4124,30665,-0.3904,00744B
620,2021-02-22,40.1039,40.153,40.153,40.1039,4575,30658,-0.0245,00744B
621,2021-02-23,40.1628,40.1628,40.1628,40.1628,4087,30703,0.147,00744B
622,2021-02-24,40.1235,40.1235,40.1235,40.1235,4083,30673,-0.0979,00744B
623,2021-02-25,40.0744,40.1039,40.1039,40.0744,4120,30635,-0.1225,00744B
624,2021-02-26,39.9761,40.0351,39.9761,39.9958,8140,30575,-0.1962,00744B
625,2021-03-02,40.0449,40.0449,40.0449,40.0449,4197,30613,0.1229,00744B
626,2021-03-03,40.0646,40.0744,40.0646,40.0744,4159,30635,0.0736,00744B
627,2021-03-04,39.9466,39.9958,39.9958,39.9466,4151,30537,-0.3188,00744B
628,2021-03-05,40.0744,40.1628,40.0744,40.1628,4127,30703,0.5412,00744B
629,2021-03-08,40.1825,40.1825,40.1825,40.1825,4129,30718,0.0489,00744B
630,2021-03-09,40.3397,40.5166,40.5166,40.3397,5591,30838,0.3913,00744B
631,2021-03-10,40.2316,40.2611,40.2414,40.2513,4585,30770,-0.2192,00744B
632,2021-03-11,40.2414,40.3888,40.2414,40.3102,6186,30815,0.1465,00744B
633,2021-03-12,40.3397,40.3495,40.3397,40.3495,4146,30845,0.0975,00744B
634,2021-03-15,40.2513,40.3495,40.2513,40.3495,5457,30886,0.0,00744B
635,2021-03-16,40.3692,40.4085,40.4085,40.3692,5139,30902,0.0487,00744B
636,2021-03-17,40.4478,40.5559,40.4576,40.4576,6350,30969,0.2191,00744B
637,2021-03-18,40.4085,40.4282,40.4282,40.4085,4155,30932,-0.1214,00744B
638,2021-03-19,40.5461,40.5559,40.5559,40.5461,6601,31078,0.3405,00744B
639,2021-03-22,40.6345,40.6935,40.6345,40.6738,4635,31176,0.3151,00744B
640,2021-03-23,40.7131,40.7426,40.7131,40.7426,4187,31229,0.1691,00744B
641,2021-03-24,40.7328,40.7524,40.7524,40.7328,4643,31221,-0.0241,00744B
642,2021-03-25,40.7623,40.7721,40.7721,40.7721,5891,31251,0.0965,00744B
643,2021-03-26,40.723,40.8311,40.723,40.8114,5024,31282,0.0964,00744B
644,2021-03-29,40.664,40.7524,40.7524,40.664,4262,31169,-0.3612,00744B
645,2021-03-30,40.4576,40.5559,40.4576,40.4969,4662,31041,-0.4108,00744B
646,2021-03-31,40.5559,40.5559,40.5559,40.5559,4127,31086,0.1456,00744B
647,2021-04-01,40.6837,40.6837,40.6837,40.6837,4181,31184,0.315,00744B
648,2021-04-06,40.5756,40.5854,40.5756,40.5854,4583,31108,-0.2415,00744B
649,2021-04-07,40.6149,40.6542,40.6149,40.6345,4261,31146,0.1211,00744B
650,2021-04-08,40.605,40.605,40.605,40.605,4132,31123,-0.0726,00744B
651,2021-04-09,40.5363,40.5854,40.5657,40.5657,4746,31093,-0.0968,00744B
652,2021-04-12,40.5166,40.5166,40.5166,40.5166,4123,31056,-0.1211,00744B
653,2021-04-13,40.5068,40.5264,40.5264,40.5068,4699,31110,-0.0243,00744B
654,2021-04-14,40.5363,40.5854,40.5657,40.5363,9783,31133,0.0728,00744B
655,2021-04-15,40.605,40.605,40.605,40.605,4132,31185,0.1697,00744B
656,2021-04-16,40.5166,40.664,40.664,40.5461,6445,31140,-0.1452,00744B
657,2021-04-19,40.3888,40.3987,40.3888,40.3987,4151,31027,-0.3635,00744B
658,2021-04-20,40.3495,40.3495,40.3495,40.3495,4106,30989,-0.1216,00744B
659,2021-04-21,40.3987,40.5068,40.3987,40.5068,4286,31110,0.3897,00744B
660,2021-04-22,40.4969,40.605,40.4969,40.605,4296,31185,0.2426,00744B
661,2021-04-23,40.6443,40.6443,40.6443,40.6443,4136,31216,0.0968,00744B
662,2021-04-26,40.5068,40.5363,40.5264,40.5068,5029,31110,-0.3385,00744B
663,2021-04-27,40.3397,40.438,40.379,40.3987,5056,31027,-0.2669,00744B
664,2021-04-28,40.2611,40.3299,40.2611,40.3102,4268,30959,-0.2189,00744B
665,2021-04-29,40.438,40.4576,40.438,40.4478,5063,31065,0.3413,00744B
666,2021-05-03,40.664,40.664,40.664,40.664,4138,31231,0.5345,00744B
667,2021-05-04,40.5363,40.605,40.5854,40.5363,4957,31133,-0.3142,00744B
668,2021-05-05,40.5657,40.5854,40.5657,40.5657,4499,31155,0.0727,00744B
669,2021-05-06,40.5657,40.6345,40.5657,40.6345,5579,31208,0.1696,00744B
670,2021-05-07,40.605,40.6345,40.6345,40.605,5498,31185,-0.0726,00744B
671,2021-05-10,40.605,40.6247,40.605,40.6247,5373,31200,0.0484,00744B
672,2021-05-11,40.723,40.7623,40.7623,40.7328,4807,31283,0.2661,00744B
673,2021-05-12,40.9097,40.9097,40.9097,40.9097,4163,31419,0.4343,00744B
674,2021-05-13,40.723,40.723,40.723,40.723,4144,31276,-0.4564,00744B
675,2021-05-14,40.7819,40.7819,40.7819,40.7819,4150,31321,0.1448,00744B
676,2021-05-17,40.9293,40.9785,40.9293,40.9293,6250,31434,0.3614,00744B
677,2021-05-18,40.8409,40.9097,40.8409,40.9097,4786,31419,-0.048,00744B
678,2021-05-19,40.7819,40.8212,40.8212,40.7819,4195,31321,-0.3123,00744B
679,2021-05-20,40.89,40.9392,40.9392,40.9293,4870,31434,0.3614,00744B
680,2021-05-21,40.89,40.9293,40.9293,40.89,9160,31404,-0.096,00744B
681,2021-05-24,40.9293,40.9883,40.9686,40.9883,7004,31480,0.2403,00744B
682,2021-05-25,41.0669,41.0669,41.0669,41.0669,4179,31540,0.1918,00744B
683,2021-05-26,41.0178,41.0669,41.0669,41.0276,6638,31510,-0.0957,00744B
684,2021-05-27,41.0374,41.1357,41.1357,41.0374,7273,31517,0.024,00744B
685,2021-05-28,41.0767,41.0964,41.0866,41.0767,4389,31527,0.0958,00744B
686,2021-05-31,41.0178,41.0767,41.0669,41.0374,4424,31497,-0.0957,00744B
687,2021-06-01,40.8704,40.9293,40.9293,40.9097,4371,31399,-0.3113,00744B
688,2021-06-02,40.9392,40.9981,40.9588,40.9392,4255,31421,0.0721,00744B
689,2021-06-03,40.9293,40.9785,40.9785,40.9293,4626,31414,-0.024,00744B
690,2021-06-04,40.9686,40.9686,40.9686,40.9686,4710,31444,0.096,00744B
691,2021-06-07,40.8507,40.8998,40.8704,40.8998,4951,31391,-0.1679,00744B
692,2021-06-08,40.8998,40.8998,40.8998,40.8998,4162,31391,0.0,00744B
693,2021-06-09,41.0079,41.0079,41.0079,41.0079,4173,31474,0.2643,00744B
694,2021-06-10,41.0276,41.0276,41.0276,41.0276,4175,31489,0.0479,00744B
695,2021-06-11,40.8605,40.89,40.8605,40.89,4241,31383,-0.3353,00744B
696,2021-06-15,40.7426,40.8016,40.7426,40.8016,4187,31316,-0.2163,00744B
697,2021-06-16,40.7131,40.7918,40.7131,40.7918,4649,31308,-0.0241,00744B
698,2021-06-17,40.7721,40.9588,40.7819,40.7819,7352,31300,-0.0241,00744B
699,2021-06-18,40.6935,40.7623,40.6935,40.7623,5142,31285,-0.0482,00744B
700,2021-06-21,40.7524,40.7819,40.7524,40.7623,4771,31285,0.0,00744B
701,2021-06-22,40.7623,40.8212,40.7623,40.7819,4403,31300,0.0482,00744B
702,2021-06-23,40.8016,40.8605,40.8605,40.8016,4199,31316,0.0482,00744B
703,2021-06-24,40.8212,40.8311,40.8311,40.8212,4195,31331,0.0482,00744B
704,2021-06-25,40.8114,40.8212,40.8212,40.8114,4195,31323,-0.0241,00744B
705,2021-06-28,40.8507,40.8507,40.8507,40.8507,4157,31353,0.0963,00744B
706,2021-06-29,40.89,40.8998,40.89,40.8998,4786,31391,0.1203,00744B
707,2021-06-30,40.9785,40.9785,40.9785,40.9785,4170,31451,0.1922,00744B
708,2021-07-01,40.8409,40.89,40.8409,40.8605,6069,31361,-0.2878,00744B
709,2021-07-02,40.949,40.949,40.949,40.949,4167,31429,0.2165,00744B
710,2021-07-05,40.8998,40.9588,40.8998,40.9588,4334,31436,0.024,00744B
711,2021-07-06,40.9981,40.9981,40.9981,40.9981,4172,31466,0.096,00744B
712,2021-07-07,40.9293,41.0178,40.9785,40.9293,4253,31414,-0.1678,00744B
713,2021-07-08,41.0079,41.0669,41.0079,41.0079,4262,31474,0.1921,00744B
714,2021-07-09,41.175,41.175,41.175,41.175,4190,31602,0.4074,00744B
715,2021-07-12,41.2536,41.2634,41.2536,41.2634,4659,31670,0.2148,00744B
716,2021-07-13,41.3617,41.3617,41.3617,41.3617,4209,31745,0.2382,00744B
717,2021-07-14,41.3814,41.3814,41.3814,41.3814,5095,31761,0.0475,00744B
718,2021-07-15,41.46,41.46,41.46,41.46,4219,31821,0.19,00744B
719,2021-07-16,41.47,41.47,41.47,41.47,4147,31278,0.0237,00744B
720,2021-07-19,41.37,41.37,41.37,41.37,4137,31202,-0.2411,00744B
721,2021-07-20,41.39,41.39,41.39,41.39,4139,31217,0.0483,00744B
722,2021-07-21,41.43,41.43,41.43,41.43,4143,31248,0.0966,00744B
723,2021-07-22,41.49,41.49,41.49,41.49,4149,31293,0.1448,00744B
724,2021-07-23,41.44,41.48,41.44,41.48,4189,31285,-0.0241,00744B
725,2021-07-26,41.52,41.55,41.55,41.52,4611,31316,0.0964,00744B
726,2021-07-27,41.58,41.6,41.58,41.58,4365,31361,0.1445,00744B
727,2021-07-28,41.51,41.52,41.51,41.52,4567,31316,-0.1443,00744B
728,2021-07-29,41.47,41.49,41.47,41.49,4188,31293,-0.0723,00744B
729,2021-07-30,41.57,41.59,41.57,41.59,4240,31368,0.241,00744B
730,2021-08-02,41.61,41.64,41.61,41.64,4660,31406,0.1202,00744B
731,2021-08-03,41.71,41.75,41.71,41.75,4379,31489,0.2642,00744B
732,2021-08-04,41.64,41.64,41.64,41.64,4164,31406,-0.2635,00744B
733,2021-08-05,41.51,41.51,41.51,41.51,4151,31308,-0.3122,00744B
734,2021-08-06,41.55,41.55,41.55,41.55,4155,31338,0.0964,00744B
735,2021-08-09,41.57,41.57,41.57,41.57,4157,31353,0.0481,00744B
736,2021-08-10,41.48,41.48,41.48,41.48,4148,31285,-0.2165,00744B
737,2021-08-11,41.45,41.45,41.45,41.45,4145,31263,-0.0723,00744B
738,2021-08-12,41.48,41.48,41.48,41.48,4148,31285,0.0724,00744B
739,2021-08-13,41.5,41.5,41.5,41.5,4150,31300,0.0482,00744B
740,2021-08-16,41.49,41.49,41.49,41.49,4149,31293,-0.0241,00744B
741,2021-08-17,41.49,41.49,41.49,41.49,4149,31293,0.0,00744B
742,2021-08-18,41.41,41.42,41.42,41.41,4183,31233,-0.1928,00744B
743,2021-08-19,41.47,41.52,41.47,41.52,4441,31316,0.2656,00744B
744,2021-08-20,41.59,41.59,41.59,41.59,4159,31368,0.1686,00744B
745,2021-08-23,41.66,41.66,41.66,41.66,4166,31421,0.1683,00744B
746,2021-08-24,41.67,41.67,41.67,41.67,4167,31429,0.024,00744B
747,2021-08-25,41.75,41.75,41.75,41.75,4175,31489,0.192,00744B
748,2021-08-26,41.75,41.76,41.76,41.75,4342,31489,0.0,00744B
