,stock_id,date_start,date_end
0,0050,2005-01-03,2021-08-26
1,0051,2006-08-31,2021-08-26
2,0052,2006-09-12,2021-08-26
3,0053,2007-07-16,2021-08-26
4,0054,2007-07-16,2021-08-26
5,0055,2007-07-16,2021-08-26
6,0056,2007-12-26,2021-08-26
7,0057,2008-02-27,2021-08-26
8,0058,2008-02-27,2019-12-12
9,0059,2008-02-27,2019-12-20
10,0060,2008-08-18,2016-02-25
11,0061,2009-08-17,2021-08-26
12,006201,2011-01-27,2021-08-26
13,006202,2011-01-27,2013-05-20
14,006203,2011-05-12,2021-08-26
15,006204,2011-09-28,2021-08-26
16,006205,2011-09-26,2021-08-26
17,006206,2012-05-11,2021-08-26
18,006207,2012-06-22,2021-08-26
19,006208,2012-07-17,2021-08-26
20,00625K,2016-08-08,2021-08-26
21,00631L,2014-10-31,2021-08-26
22,00632R,2014-10-31,2021-08-26
23,00633L,2014-11-25,2021-08-26
24,00634R,2014-11-25,2021-08-26
25,00635U,2015-04-15,2021-08-26
26,00636,2015-04-01,2021-08-26
27,00636K,2017-10-24,2021-08-26
28,00637L,2015-05-18,2021-08-26
29,00638R,2015-05-18,2021-08-26
30,00639,2015-06-09,2021-08-26
31,00640L,2015-09-10,2021-08-26
32,00641R,2015-09-10,2021-08-26
33,00642U,2015-09-07,2021-08-26
34,00643,2015-12-02,2021-08-26
35,00643K,2016-08-26,2021-08-26
36,00645,2015-11-06,2021-08-26
37,00646,2015-12-14,2021-08-26
38,00647L,2015-12-14,2021-08-26
39,00648R,2015-12-14,2021-08-26
40,00649,2016-01-27,2019-12-27
41,00650L,2016-01-27,2021-08-26
42,00651R,2016-01-27,2021-08-26
43,00652,2016-03-29,2021-08-26
44,00653L,2016-03-29,2021-08-26
45,00654R,2016-03-29,2021-08-26
46,00655L,2016-03-18,2021-08-26
47,00656R,2016-03-18,2021-08-26
48,00657,2016-05-09,2021-08-26
49,00657K,2017-10-24,2021-08-26
50,00658L,2016-05-09,2020-02-03
51,00659R,2016-05-09,2020-02-03
52,00660,2016-06-15,2021-08-26
53,00661,2016-06-15,2021-08-26
54,00662,2016-06-17,2021-08-26
55,00663L,2016-07-14,2021-08-26
56,00664R,2016-07-14,2021-08-26
57,00665L,2016-08-05,2021-08-26
58,00666R,2016-08-05,2021-08-26
59,00667,2016-10-07,2018-12-18
60,00668,2016-10-17,2021-08-26
61,00668K,2017-10-24,2021-08-26
62,00669R,2016-10-17,2021-08-26
63,00670L,2017-02-21,2021-08-26
64,00671R,2017-02-21,2021-08-26
65,00672L,2016-10-07,2020-11-12
66,00673R,2016-10-07,2021-08-26
67,00674R,2016-10-07,2021-08-26
68,00675L,2016-10-05,2021-08-26
69,00676R,2016-10-05,2021-08-26
70,00677U,2016-12-30,2021-06-02
71,00678,2017-01-16,2021-08-26
72,00679B,2017-01-17,2021-08-26
73,00680L,2017-01-17,2021-08-26
74,00681R,2017-01-17,2021-08-26
75,00682U,2017-03-14,2021-08-26
76,00683L,2017-03-14,2021-08-26
77,00684R,2017-03-14,2021-08-26
78,00685L,2017-03-30,2021-08-26
79,00686R,2017-03-30,2021-08-26
80,00687B,2017-04-13,2021-08-26
81,00688L,2017-04-13,2021-08-26
82,00689R,2017-04-13,2021-08-26
83,00690,2017-03-31,2021-08-26
84,00691R,2017-03-31,2020-11-23
85,00692,2017-05-17,2021-08-26
86,00693U,2017-04-25,2021-08-26
87,00694B,2017-06-08,2021-08-26
88,00695B,2017-06-08,2021-08-26
89,00696B,2017-06-08,2021-08-26
90,00697B,2017-06-23,2021-08-26
91,00698L,2017-06-23,2018-07-27
92,00699R,2017-06-23,2018-08-06
93,00700,2017-07-28,2021-08-26
94,00701,2017-08-17,2021-08-26
95,00702,2017-08-17,2021-08-26
96,00703,2017-08-10,2021-08-26
97,00704L,2017-08-10,2018-11-29
98,00705R,2017-08-10,2018-11-26
99,00706L,2017-09-01,2021-08-26
100,00707R,2017-09-01,2021-08-26
101,00708L,2017-09-01,2021-08-26
102,00709,2017-08-15,2021-08-26
103,00710B,2017-08-22,2021-08-26
104,00711B,2017-08-22,2021-08-26
105,00712,2017-08-22,2021-08-26
106,00713,2017-09-27,2021-08-26
107,00714,2017-10-27,2021-08-26
108,00715L,2017-11-16,2021-08-26
109,00716R,2017-11-16,2019-08-07
110,00717,2017-11-29,2021-08-26
111,00718B,2018-02-08,2021-08-26
112,00719B,2018-02-01,2021-08-26
113,00720B,2018-02-01,2021-08-26
114,00721B,2018-02-01,2021-08-26
115,00722B,2017-12-15,2021-08-26
116,00723B,2017-12-15,2021-08-26
117,00724B,2017-12-15,2021-08-26
118,00725B,2018-02-07,2021-08-26
119,00726B,2018-02-07,2021-08-26
120,00727B,2018-02-07,2021-08-26
121,00728,2018-04-18,2021-08-26
122,00729R,2018-04-18,2019-06-24
123,00730,2018-02-08,2021-08-26
124,00731,2018-04-20,2021-08-26
125,00732,2018-05-14,2021-08-26
126,00733,2018-05-17,2021-08-26
127,00734B,2018-05-24,2021-08-26
128,00735,2018-06-11,2021-08-26
129,00736,2018-06-11,2021-08-26
130,00737,2018-06-11,2021-08-26
131,00738U,2018-06-01,2021-08-26
132,00739,2018-06-27,2021-08-26
133,00740B,2018-06-08,2021-08-26
134,00741B,2018-06-08,2021-08-26
135,00742,2018-06-22,2021-08-26
136,00743,2018-08-03,2021-08-26
137,00744B,2018-08-03,2021-08-26
138,00745B,2018-08-15,2021-08-26
139,00746B,2018-08-15,2021-08-26
140,00747B,2018-09-04,2021-08-26
141,00748B,2018-09-20,2021-08-26
142,00749B,2018-09-20,2021-08-26
143,00750B,2018-09-20,2021-08-26
144,00751B,2018-10-03,2021-08-26
145,00752,2018-10-31,2021-08-26
146,00753L,2018-10-31,2021-08-26
147,00754B,2018-10-22,2021-08-26
148,00755B,2018-10-22,2021-08-26
149,00756B,2018-10-22,2021-08-26
150,00757,2018-12-06,2021-08-26
151,00758B,2018-11-14,2021-08-26
152,00759B,2018-11-14,2021-08-26
153,00760B,2018-11-14,2021-08-26
154,00761B,2018-11-30,2021-08-26
155,00762,2019-01-23,2021-08-26
156,00763U,2018-12-19,2021-08-26
157,00764B,2018-12-24,2021-08-26
158,00765B,2018-12-24,2021-08-26
159,00766L,2019-01-23,2020-11-20
160,00767,2019-01-28,2020-05-04
161,00768B,2019-01-28,2021-08-26
162,00769B,2019-01-28,2020-05-26
163,00770,2019-01-29,2021-08-26
164,00771,2019-05-16,2021-08-26
165,00772B,2019-01-29,2021-08-26
166,00773B,2019-01-29,2021-08-26
167,00774B,2019-02-27,2021-08-26
168,00774C,2019-08-28,2021-08-26
169,00775B,2019-02-15,2021-08-26
170,00776,2019-02-15,2020-08-10
171,00777B,2019-02-14,2021-08-26
172,00778B,2019-02-14,2021-08-26
173,00779B,2019-02-14,2021-08-26
174,00780B,2019-03-07,2021-08-26
175,00781B,2019-03-07,2021-08-26
176,00782B,2019-03-07,2021-08-26
177,00783,2019-03-27,2021-08-26
178,00784B,2019-03-27,2021-08-26
179,00785B,2019-03-27,2021-08-26
180,00786B,2019-04-02,2021-08-26
181,00787B,2019-04-02,2021-08-26
182,00788B,2019-04-02,2021-08-26
183,00789B,2019-03-20,2021-08-26
184,00790B,2019-03-20,2021-08-26
185,00791B,2019-03-20,2021-08-26
186,00792B,2019-04-03,2021-08-26
187,00793B,2019-04-03,2021-08-26
188,00794B,2019-04-30,2021-08-26
189,00795B,2019-04-11,2021-08-26
190,00796B,2019-04-30,2021-08-26
191,00797B,2019-04-11,2020-04-30
192,00798B,2019-05-03,2020-07-13
193,00799B,2019-05-03,2021-08-26
194,0080,2009-08-14,2015-12-08
195,0081,2009-08-14,2015-12-08
196,008201,2010-12-08,2021-08-26
197,00830,2019-05-03,2021-08-26
198,00831B,2019-04-26,2021-08-26
199,00832B,2019-04-26,2021-08-26
200,00833B,2019-05-09,2020-11-30
201,00834B,2019-05-09,2021-08-26
202,00835B,2019-05-09,2020-06-22
203,00836B,2019-05-22,2021-08-26
204,00837B,2019-05-22,2020-06-29
205,00838B,2019-06-13,2021-08-26
206,00839B,2019-06-10,2021-08-02
207,00840B,2019-06-10,2021-08-26
208,00841B,2019-06-10,2021-08-26
209,00842B,2019-06-14,2021-08-26
210,00843B,2019-07-19,2021-08-26
211,00844B,2019-07-18,2021-08-26
212,00845B,2019-07-16,2021-08-26
213,00846B,2019-07-16,2021-08-26
214,00847B,2019-07-30,2021-08-26
215,00848B,2019-07-30,2021-08-26
216,00849B,2019-07-30,2021-08-26
217,00850,2019-08-23,2021-08-26
218,00851,2019-08-12,2021-08-26
219,00852L,2019-08-22,2021-08-26
220,00853B,2019-09-04,2021-08-26
221,00854B,2019-10-24,2020-12-01
222,00855B,2019-10-24,2020-12-01
223,00856B,2019-10-01,2021-08-26
224,00857B,2019-10-01,2021-08-26
225,00858,2019-10-01,2021-08-26
226,00859B,2019-10-18,2021-08-26
227,00860B,2019-10-18,2021-08-26
228,00861,2019-11-19,2021-08-26
229,00862B,2019-10-18,2021-08-26
230,00863B,2019-10-18,2021-08-26
231,00864B,2019-10-18,2021-08-26
232,00865B,2019-11-25,2021-08-26
233,00866,2019-11-19,2021-01-07
234,00867B,2019-11-15,2021-08-26
235,00868B,2019-12-13,2021-05-11
236,00869B,2019-12-13,2021-08-16
237,00870B,2020-01-09,2021-08-26
238,00871B,2020-02-14,2021-02-26
239,00872B,2020-01-09,2021-08-26
240,00873B,2020-01-09,2021-02-19
241,00874B,2020-01-09,2021-02-19
242,00875,2020-03-30,2021-08-26
243,00876,2020-07-07,2021-08-26
244,00877,2020-07-22,2021-08-26
245,00878,2020-07-20,2021-08-26
246,00879B,2020-08-18,2021-08-26
247,00880B,2020-08-18,2021-08-26
248,00881,2020-12-10,2021-08-26
249,00882,2021-02-04,2021-08-26
250,00883B,2021-02-04,2021-08-26
251,00884B,2021-02-04,2021-08-26
252,00885,2021-04-19,2021-08-26
253,00886,2021-03-31,2021-08-26
254,00887,2021-03-31,2021-08-26
255,00888,2021-03-31,2021-08-26
256,00889B,2021-05-10,2021-08-26
257,00890B,2021-05-10,2021-08-26
258,00891,2021-05-28,2021-08-26
259,00892,2021-06-10,2021-08-26
260,00893,2021-07-01,2021-08-26
261,00894,2021-08-13,2021-08-26
262,00895,2021-08-12,2021-08-26
263,1101,2005-01-03,2021-08-26
264,1102,2005-01-03,2021-08-26
265,1103,2005-01-03,2021-08-26
266,1104,2005-01-03,2021-08-26
267,1107,2005-01-03,2012-06-06
268,1108,2005-01-03,2021-08-26
269,1109,2005-01-03,2021-08-26
270,1110,2005-01-03,2021-08-26
271,1201,2005-01-03,2021-08-26
272,1203,2005-01-03,2021-08-26
273,1204,2005-01-03,2005-09-09
274,1207,2005-01-03,2007-01-04
275,1210,2005-01-03,2021-08-26
276,1212,2005-01-03,2005-06-03
277,1213,2005-01-03,2021-08-26
278,1215,2005-01-03,2021-08-26
279,1216,2005-01-03,2021-08-26
280,1217,2005-01-03,2021-08-26
281,1218,2005-01-03,2021-08-26
282,1219,2005-01-03,2021-08-26
283,1220,2005-01-03,2021-08-26
284,1224,2005-01-03,2006-09-01
285,1225,2005-01-03,2021-08-26
286,1227,2005-01-03,2021-08-26
287,1229,2005-01-03,2021-08-26
288,1231,2005-01-03,2021-08-26
289,1232,2005-01-03,2021-08-26
290,1233,2005-01-03,2021-08-26
291,1234,2005-01-03,2021-08-26
292,1235,2005-01-03,2021-08-26
293,1236,2005-01-03,2021-08-26
294,1240,2018-08-08,2021-08-26
295,1256,2012-09-05,2021-08-26
296,1258,2011-12-12,2021-08-26
297,1259,2011-12-15,2021-08-26
298,1260,2012-11-26,2021-08-26
299,1262,2014-01-16,2019-10-07
300,1264,2015-04-09,2021-08-26
301,1268,2017-09-27,2021-08-26
302,1269,2016-08-29,2021-08-26
303,1271,2021-01-18,2021-08-26
304,1301,2005-01-03,2021-08-26
305,1303,2005-01-03,2021-08-26
306,1304,2005-01-03,2021-08-26
307,1305,2005-01-03,2021-08-26
308,1306,2005-01-03,2005-09-09
309,1307,2005-01-03,2021-08-26
310,1308,2005-01-03,2021-08-26
311,1309,2005-01-03,2021-08-26
312,1310,2005-01-03,2021-08-26
313,1311,2005-01-03,2008-04-10
314,1312,2005-01-03,2021-08-26
315,1313,2005-01-03,2021-08-26
316,1314,2005-01-03,2021-08-26
317,1315,2005-01-03,2021-08-26
318,1316,2005-01-03,2021-08-26
319,1319,2005-01-03,2021-08-26
320,1321,2005-01-03,2021-08-26
321,1323,2005-01-03,2021-08-26
322,1324,2005-01-03,2021-08-26
323,1325,2005-01-03,2021-08-26
324,1326,2005-01-03,2021-08-26
325,1333,2005-08-08,2020-04-06
326,1336,2007-11-02,2021-08-26
327,1337,2011-08-17,2021-08-26
328,1338,2012-12-19,2021-08-26
329,1339,2012-04-24,2021-08-26
330,1340,2014-01-14,2021-08-26
331,1341,2018-12-24,2021-08-26
332,1342,2020-11-24,2021-08-26
333,1343,2021-03-25,2021-08-26
334,1402,2005-01-03,2021-08-26
335,1408,2005-01-03,2007-05-14
336,1409,2005-01-03,2021-08-26
337,1410,2005-01-03,2021-08-26
338,1413,2005-01-03,2021-08-26
339,1414,2005-01-03,2021-08-26
340,1416,2005-01-03,2021-08-26
341,1417,2005-01-03,2021-08-26
342,1418,2005-01-03,2021-08-26
343,1419,2005-01-03,2021-08-26
344,1423,2005-01-03,2021-08-26
345,1432,2005-01-03,2021-08-26
346,1434,2005-01-03,2021-08-26
347,1435,2005-01-03,2021-08-26
348,1436,2005-01-03,2021-08-26
349,1437,2005-01-03,2021-08-26
350,1438,2005-01-03,2021-08-26
351,1439,2005-01-03,2021-08-26
352,1440,2005-01-03,2021-08-26
353,1441,2005-01-03,2021-08-26
354,1442,2005-01-03,2021-08-26
355,1443,2005-01-03,2021-08-26
356,1444,2005-01-03,2021-08-26
357,1445,2005-01-03,2021-08-26
358,1446,2005-01-03,2021-08-26
359,1447,2005-01-03,2021-08-26
360,1449,2005-01-03,2021-08-26
361,1450,2005-01-03,2005-07-04
362,1451,2005-01-03,2021-08-26
363,1452,2005-01-03,2021-08-26
364,1453,2005-01-03,2021-08-26
365,1454,2005-01-03,2021-08-26
366,1455,2005-01-03,2021-08-26
367,1456,2005-01-03,2021-08-26
368,1457,2005-01-03,2021-08-26
369,1458,2005-01-03,2006-06-20
370,1459,2005-01-03,2021-08-26
371,1460,2005-01-03,2021-08-26
372,1462,2005-01-03,2007-08-01
373,1463,2005-01-03,2021-08-26
374,1464,2005-01-03,2021-08-26
375,1465,2005-01-03,2021-08-26
376,1466,2005-01-03,2021-08-26
377,1467,2005-01-03,2021-08-26
378,1468,2005-01-03,2021-08-26
379,1469,2005-01-03,2018-07-10
380,1470,2005-01-03,2021-08-26
381,1471,2005-01-03,2021-08-26
382,1472,2005-01-03,2021-08-26
383,1473,2005-01-03,2021-08-26
384,1474,2005-01-03,2021-08-26
385,1475,2005-01-03,2021-08-26
386,1476,2005-01-03,2021-08-26
387,1477,2005-01-03,2021-08-26
388,1503,2005-01-03,2021-08-26
389,1504,2005-01-03,2021-08-26
390,1506,2005-01-03,2021-08-26
391,1507,2005-01-03,2021-08-26
392,1512,2005-01-03,2021-08-26
393,1513,2005-01-03,2021-08-26
394,1514,2005-01-03,2021-08-26
395,1515,2005-01-03,2021-08-26
396,1516,2005-01-03,2021-08-26
397,1517,2005-01-03,2021-08-26
398,1519,2005-01-03,2021-08-26
399,1520,2005-01-03,2007-12-25
400,1521,2005-01-03,2021-08-26
401,1522,2005-01-03,2021-08-26
402,1523,2005-01-03,2010-08-19
403,1524,2005-01-03,2021-08-26
404,1525,2005-01-03,2021-08-26
405,1526,2005-01-03,2021-08-26
406,1527,2005-01-03,2021-08-26
407,1528,2005-01-03,2021-08-26
408,1529,2005-01-03,2021-08-26
409,1530,2005-01-03,2021-08-26
410,1531,2005-01-03,2021-08-26
411,1532,2005-01-03,2021-08-26
412,1533,2005-01-03,2021-08-26
413,1535,2005-01-03,2021-08-26
414,1536,2005-01-03,2021-08-26
415,1537,2005-01-03,2021-08-26
416,1538,2005-01-03,2021-08-26
417,1539,2005-01-03,2021-08-26
418,1540,2005-01-03,2021-08-26
419,1541,2005-01-03,2021-08-26
420,1553,2005-01-03,2005-09-21
421,1557,2005-01-03,2005-04-27
422,1558,2007-12-28,2021-08-26
423,1560,2005-01-31,2021-08-26
424,1563,2006-10-26,2021-08-26
425,1565,2005-01-03,2021-08-26
426,1566,2011-01-12,2019-07-24
427,1568,2014-05-14,2021-08-26
428,1569,2005-07-29,2021-08-26
429,1570,2005-06-30,2021-08-26
430,1571,2005-01-03,2006-03-27
431,1572,2005-01-03,2006-10-11
432,1573,2005-01-03,2008-04-30
433,1575,2005-01-03,2007-05-17
434,1577,2005-02-15,2011-01-28
435,1580,2007-12-10,2021-08-26
436,1582,2007-01-11,2021-08-26
437,1583,2008-01-24,2021-08-26
438,1584,2007-11-28,2021-08-26
439,1585,2007-05-02,2021-08-26
440,1586,2012-01-09,2021-08-26
441,1587,2018-04-16,2021-08-26
442,1589,2012-04-27,2021-08-26
443,1590,2010-12-13,2021-08-26
444,1591,2012-03-23,2021-08-26
445,1592,2014-10-16,2021-08-26
446,1593,2012-06-13,2021-08-26
447,1594,2010-10-13,2021-08-26
448,1595,2011-10-04,2021-08-26
449,1597,2012-12-28,2021-08-26
450,1598,2016-09-20,2021-08-26
451,1599,2012-12-25,2021-08-26
452,1601,2005-01-03,2007-07-09
453,1603,2005-01-03,2021-08-26
454,1604,2005-01-03,2021-08-26
455,1605,2005-01-03,2021-08-26
456,1606,2005-01-03,2008-09-10
457,1608,2005-01-03,2021-08-26
458,1609,2005-01-03,2021-08-26
459,1611,2005-01-03,2021-08-26
460,1612,2005-01-03,2021-08-26
461,1613,2005-01-03,2017-04-06
462,1614,2005-01-03,2021-08-26
463,1615,2005-01-03,2021-08-26
464,1616,2005-01-03,2021-08-26
465,1617,2005-01-03,2021-08-26
466,1618,2005-01-03,2021-08-26
467,1626,2013-03-21,2021-08-26
468,1701,2005-01-03,2021-08-26
469,1702,2005-01-03,2021-08-26
470,1704,2005-01-03,2019-01-23
471,1707,2005-01-03,2021-08-26
472,1708,2005-01-03,2021-08-26
473,1709,2005-01-03,2021-08-26
474,1710,2005-01-03,2021-08-26
475,1711,2005-01-03,2021-08-26
476,1712,2005-01-03,2021-08-26
477,1713,2005-01-03,2021-08-26
478,1714,2005-01-03,2021-08-26
479,1715,2005-01-03,2017-10-18
480,1716,2005-01-03,2010-12-21
481,1717,2005-01-03,2021-08-26
482,1718,2005-01-03,2021-08-26
483,1720,2005-01-03,2021-08-26
484,1721,2005-01-03,2021-08-26
485,1722,2005-01-03,2021-08-26
486,1723,2005-01-03,2021-08-26
487,1724,2005-01-03,2021-08-26
488,1725,2005-01-03,2021-08-26
489,1726,2005-01-03,2021-08-26
490,1727,2005-01-03,2021-08-26
491,1729,2005-01-03,2017-05-17
492,1730,2005-01-03,2021-08-26
493,1731,2005-01-03,2021-08-26
494,1732,2005-01-03,2021-08-26
495,1733,2005-01-03,2021-08-26
496,1734,2005-01-03,2021-08-26
497,1735,2005-01-03,2021-08-26
498,1736,2005-01-03,2021-08-26
499,1737,2005-01-03,2021-08-26
500,1742,2005-01-03,2021-08-26
501,1752,2009-08-10,2021-08-26
502,1757,2009-10-22,2016-03-21
503,1760,2018-01-23,2021-08-26
504,1762,2010-12-20,2021-08-26
505,1773,2009-02-27,2021-08-26
506,1776,2016-05-09,2021-08-26
507,1777,2005-10-19,2021-08-26
508,1780,2010-04-29,2021-08-26
509,1781,2005-01-03,2021-08-26
510,1783,2013-12-20,2021-08-26
511,1784,2007-07-26,2021-08-26
512,1785,2005-01-31,2021-08-26
513,1786,2013-11-12,2021-08-26
514,1787,2005-04-22,2019-11-20
515,1788,2009-07-20,2021-08-26
516,1789,2011-09-29,2021-08-26
517,1791,2005-01-03,2005-01-06
518,1794,2005-01-03,2008-02-18
519,1795,2010-01-29,2021-08-26
520,1796,2018-01-22,2021-08-26
521,1799,2008-11-10,2021-08-26
522,1802,2005-01-03,2021-08-26
523,1805,2005-01-10,2021-08-26
524,1806,2005-01-03,2021-08-26
525,1807,2005-01-03,2008-09-15
526,1808,2005-01-03,2021-08-26
527,1809,2005-01-03,2021-08-26
528,1810,2005-01-03,2021-08-26
529,1813,2009-08-04,2021-08-26
530,1814,2005-01-03,2019-10-23
531,1815,2006-01-23,2021-08-26
532,1816,2011-01-27,2015-07-09
533,1817,2013-10-24,2021-08-26
534,1818,2014-11-19,2018-05-30
535,1819,2015-06-24,2019-07-04
536,1902,2005-01-03,2020-05-25
537,1903,2005-01-03,2021-08-26
538,1904,2005-01-03,2021-08-26
539,1905,2005-01-03,2021-08-26
540,1906,2005-01-03,2021-08-26
541,1907,2005-01-03,2021-08-26
542,1909,2005-01-03,2021-08-26
543,2002,2005-01-03,2021-08-26
544,2006,2005-01-03,2021-08-26
545,2007,2005-01-03,2021-08-26
546,2008,2005-01-03,2021-08-26
547,2009,2005-01-03,2021-08-26
548,2010,2005-01-03,2021-08-26
549,2012,2005-01-03,2021-08-26
550,2013,2005-01-03,2021-08-26
551,2014,2005-01-03,2021-08-26
552,2015,2005-01-03,2021-08-26
553,2017,2005-01-03,2021-08-26
554,2020,2005-01-03,2021-08-26
555,2022,2005-01-03,2021-08-26
556,2023,2005-01-03,2021-08-26
557,2024,2005-01-03,2021-08-26
558,2025,2005-01-03,2021-08-26
559,2027,2005-01-03,2021-08-26
560,2028,2005-01-03,2021-08-26
561,2029,2005-01-03,2021-08-26
562,2030,2005-01-03,2021-08-26
563,2031,2005-01-03,2021-08-26
564,2032,2005-01-03,2021-08-26
565,2033,2005-01-03,2021-08-26
566,2034,2005-01-03,2021-08-26
567,2035,2006-07-07,2021-08-26
568,2038,2008-12-30,2021-08-26
569,2049,2009-06-26,2021-08-26
570,2056,2005-01-03,2012-11-19
571,2059,2005-04-28,2021-08-26
572,2060,2005-01-03,2007-09-14
573,2061,2010-12-09,2021-08-26
574,2062,2007-11-16,2021-08-26
575,2063,2010-09-07,2021-08-26
576,2064,2014-12-26,2021-08-26
577,2065,2017-04-21,2021-08-26
578,2066,2013-09-24,2021-08-26
579,2067,2014-05-26,2021-08-26
580,2069,2016-03-22,2021-08-26
581,2070,2018-12-17,2021-08-26
582,2071,2019-09-23,2021-08-26
583,2072,2020-11-30,2021-08-26
584,2101,2005-01-03,2021-08-26
585,2102,2005-01-03,2021-08-26
586,2103,2005-01-03,2021-08-26
587,2104,2005-01-03,2021-08-26
588,2105,2005-01-03,2021-08-26
589,2106,2005-01-03,2021-08-26
590,2107,2005-01-03,2021-08-26
591,2108,2005-01-03,2021-08-26
592,2109,2005-01-03,2021-08-26
593,2113,2005-01-03,2008-10-15
594,2114,2006-09-28,2021-08-26
595,2115,2013-12-25,2021-08-26
596,2201,2005-01-03,2021-08-26
597,2204,2005-01-03,2021-08-26
598,2206,2005-01-03,2021-08-26
599,2207,2005-01-03,2021-08-26
600,2208,2008-12-22,2021-08-26
601,2211,2021-04-12,2021-08-26
602,2221,2007-08-01,2021-08-26
603,2227,2005-01-03,2021-08-26
604,2228,2013-11-25,2021-08-26
605,2229,2005-09-06,2009-12-10
606,2230,2013-04-18,2021-08-26
607,2231,2009-03-25,2021-08-26
608,2233,2011-11-14,2021-08-26
609,2235,2014-12-15,2021-08-26
610,2236,2015-06-03,2021-08-26
611,2237,2014-12-23,2021-08-26
612,2239,2016-01-27,2021-08-26
613,2241,2020-08-26,2021-08-26
614,2243,2017-09-27,2021-08-26
615,2245,2016-12-15,2021-08-26
616,2246,2017-08-11,2021-08-26
617,2247,2020-10-12,2021-08-26
618,2248,2018-09-11,2021-08-26
619,2249,2019-12-19,2021-08-26
620,2250,2021-05-31,2021-08-26
621,2252,2021-08-23,2021-08-26
622,2301,2005-01-03,2021-08-26
623,2302,2005-01-03,2021-08-26
624,2303,2005-01-03,2021-08-26
625,2305,2005-01-03,2021-08-26
626,2308,2005-01-03,2021-08-26
627,2311,2005-01-03,2018-04-17
628,2312,2005-01-03,2021-08-26
629,2313,2005-01-03,2021-08-26
630,2314,2005-01-03,2021-08-26
631,2315,2005-01-03,2013-08-30
632,2316,2005-01-03,2021-08-26
633,2317,2005-01-03,2021-08-26
634,2318,2005-01-03,2005-07-04
635,2321,2005-01-03,2021-08-26
636,2323,2005-01-03,2021-08-26
637,2324,2005-01-03,2021-08-26
638,2325,2005-01-03,2018-04-17
639,2326,2005-01-03,2008-07-30
640,2327,2005-01-03,2021-08-26
641,2328,2005-01-03,2021-08-26
642,2329,2005-01-03,2021-08-26
643,2330,2005-01-03,2021-08-26
644,2331,2005-01-03,2021-08-26
645,2332,2005-01-03,2021-08-26
646,2333,2005-01-03,2006-12-12
647,2335,2005-01-03,2006-02-23
648,2336,2005-01-03,2007-12-19
649,2337,2005-01-03,2021-08-26
650,2338,2005-01-03,2021-08-26
651,2340,2005-01-03,2021-08-26
652,2341,2005-01-03,2012-11-12
653,2342,2005-01-03,2021-08-26
654,2343,2005-01-03,2006-12-19
655,2344,2005-01-03,2021-08-26
656,2345,2005-01-03,2021-08-26
657,2347,2005-01-03,2021-08-26
658,2348,2005-01-03,2021-08-26
659,2349,2005-01-03,2021-08-26
660,2350,2005-01-03,2010-06-15
661,2351,2005-01-03,2021-08-26
662,2352,2005-01-03,2021-08-26
663,2353,2005-01-03,2021-08-26
664,2354,2005-01-03,2021-08-26
665,2355,2005-01-03,2021-08-26
666,2356,2005-01-03,2021-08-26
667,2357,2005-01-03,2021-08-26
668,2358,2005-01-03,2021-08-26
669,2359,2005-01-03,2021-08-26
670,2360,2005-01-03,2021-08-26
671,2361,2005-01-03,2015-12-25
672,2362,2005-01-03,2021-08-26
673,2363,2005-01-03,2021-08-26
674,2364,2005-01-03,2021-08-26
675,2365,2005-01-03,2021-08-26
676,2366,2005-01-03,2006-02-23
677,2367,2005-01-03,2021-08-26
678,2368,2005-01-03,2021-08-26
679,2369,2005-01-03,2021-08-26
680,2370,2005-01-03,2005-08-19
681,2371,2005-01-03,2021-08-26
682,2373,2005-01-03,2021-08-26
683,2374,2005-01-03,2021-08-26
684,2375,2005-01-03,2021-08-26
685,2376,2005-01-03,2021-08-26
686,2377,2005-01-03,2021-08-26
687,2378,2005-01-03,2006-05-11
688,2379,2005-01-03,2021-08-26
689,2380,2005-01-03,2021-08-26
690,2381,2005-01-03,2012-10-12
691,2382,2005-01-03,2021-08-26
692,2383,2005-01-03,2021-08-26
693,2384,2005-01-03,2014-11-18
694,2385,2005-01-03,2021-08-26
695,2387,2005-01-03,2021-08-26
696,2388,2005-01-03,2021-08-26
697,2389,2005-01-03,2005-10-18
698,2390,2005-01-03,2021-08-26
699,2391,2005-01-03,2010-08-03
700,2392,2005-01-03,2021-08-26
701,2393,2005-01-03,2021-08-26
702,2394,2005-01-03,2006-11-20
703,2395,2005-01-03,2021-08-26
704,2396,2005-01-03,2011-05-13
705,2397,2005-01-03,2021-08-26
706,2399,2005-01-03,2021-08-26
707,2401,2005-01-03,2021-08-26
708,2402,2005-01-03,2021-08-26
709,2403,2005-01-03,2010-11-08
710,2404,2005-01-03,2021-08-26
711,2405,2005-01-03,2021-08-26
712,2406,2005-01-03,2021-08-26
713,2407,2005-01-03,2006-07-13
714,2408,2005-01-03,2021-08-26
715,2409,2005-01-03,2021-08-26
716,2410,2005-01-03,2009-04-17
717,2411,2005-01-03,2008-10-22
718,2412,2005-01-03,2021-08-26
719,2413,2005-01-03,2021-08-26
720,2414,2005-01-03,2021-08-26
721,2415,2005-01-03,2021-08-26
722,2416,2005-01-03,2005-10-27
723,2417,2005-01-03,2021-08-26
724,2418,2005-01-03,2007-05-04
725,2419,2005-01-03,2021-08-26
726,2420,2005-01-03,2021-08-26
727,2421,2005-01-03,2021-08-26
728,2422,2005-01-03,2005-12-19
729,2423,2005-01-03,2021-08-26
730,2424,2005-01-03,2021-08-26
731,2425,2005-01-03,2021-08-26
732,2426,2005-01-03,2021-08-26
733,2427,2005-01-03,2021-08-26
734,2428,2005-01-03,2021-08-26
735,2429,2005-01-03,2021-08-26
736,2430,2005-01-03,2021-08-26
737,2431,2005-01-03,2021-08-26
738,2432,2005-01-03,2008-08-25
739,2433,2005-01-03,2021-08-26
740,2434,2005-01-03,2021-08-26
741,2435,2005-01-03,2005-01-05
742,2436,2005-01-03,2021-08-26
743,2437,2005-01-03,2017-06-19
744,2438,2005-01-03,2021-08-26
745,2439,2005-01-03,2021-08-26
746,2440,2005-01-03,2021-08-26
747,2441,2005-01-03,2021-08-26
748,2442,2005-01-03,2021-08-26
749,2443,2005-01-03,2021-08-26
750,2444,2005-01-03,2021-08-26
751,2446,2005-01-03,2009-11-18
752,2447,2005-01-03,2008-01-23
753,2448,2005-01-03,2021-01-05
754,2449,2005-01-03,2021-08-26
755,2450,2005-01-03,2021-08-26
756,2451,2005-01-03,2021-08-26
757,2452,2005-01-03,2010-03-24
758,2453,2005-01-03,2021-08-26
759,2454,2005-01-03,2021-08-26
760,2455,2005-01-03,2021-08-26
761,2456,2005-01-03,2021-08-26
762,2457,2005-01-03,2021-08-26
763,2458,2005-01-03,2021-08-26
764,2459,2005-01-03,2021-08-26
765,2460,2005-01-03,2021-08-26
766,2461,2005-01-03,2021-08-26
767,2462,2005-01-03,2021-08-26
768,2463,2005-01-03,2011-05-25
769,2464,2005-01-03,2021-08-26
770,2465,2005-01-03,2021-08-26
771,2466,2005-01-03,2021-08-26
772,2467,2005-01-03,2021-08-26
773,2468,2005-01-03,2021-08-26
774,2469,2005-01-03,2007-07-25
775,2470,2005-01-03,2005-10-27
776,2471,2005-01-03,2021-08-26
777,2472,2005-01-03,2021-08-26
778,2473,2005-01-03,2012-11-21
779,2474,2005-01-03,2021-08-26
780,2475,2005-01-03,2019-05-10
781,2476,2005-01-03,2021-08-26
782,2477,2005-01-03,2021-08-26
783,2478,2005-01-03,2021-08-26
784,2479,2005-01-03,2008-08-08
785,2480,2005-01-03,2021-08-26
786,2481,2005-01-03,2021-08-26
787,2482,2005-01-03,2021-08-26
788,2483,2005-01-03,2021-08-26
789,2484,2005-01-03,2021-08-26
790,2485,2005-01-03,2021-08-26
791,2486,2005-01-03,2021-08-26
792,2487,2005-01-03,2006-10-23
793,2488,2005-01-03,2021-08-26
794,2489,2005-01-03,2021-08-26
795,2491,2005-01-03,2021-08-26
796,2492,2005-01-03,2021-08-26
797,2493,2005-01-03,2021-08-26
798,2494,2005-01-03,2008-10-24
799,2495,2005-01-03,2021-08-26
800,2496,2005-01-03,2021-08-26
801,2497,2005-01-03,2021-08-26
802,2498,2005-01-03,2021-08-26
803,2499,2005-01-03,2020-04-06
804,2501,2005-01-03,2021-08-26
805,2504,2005-01-03,2021-08-26
806,2505,2005-01-03,2021-08-26
807,2506,2005-01-03,2021-08-26
808,2509,2005-01-03,2021-08-26
809,2511,2005-01-03,2021-08-26
810,2514,2005-01-03,2021-08-26
811,2515,2005-01-03,2021-08-26
812,2516,2005-01-03,2021-08-26
813,2520,2005-01-03,2021-08-26
814,2523,2005-01-03,2006-07-05
815,2524,2005-01-03,2021-08-26
816,2525,2005-01-03,2005-01-04
817,2526,2005-01-03,2010-03-25
818,2527,2005-01-03,2021-08-26
819,2528,2005-01-03,2021-08-26
820,2530,2005-01-03,2021-08-26
821,2533,2005-01-03,2006-02-06
822,2534,2005-01-03,2021-08-26
823,2535,2005-01-03,2021-08-26
824,2536,2005-01-03,2021-08-26
825,2537,2005-01-03,2021-08-26
826,2538,2005-01-03,2021-08-26
827,2539,2005-01-03,2021-08-26
828,2540,2005-01-03,2021-08-26
829,2542,2005-01-03,2021-08-26
830,2543,2005-01-03,2021-08-26
831,2544,2005-01-03,2005-03-08
832,2545,2005-01-03,2021-08-26
833,2546,2005-01-03,2021-08-26
834,2547,2005-01-03,2021-08-26
835,2548,2005-01-03,2021-08-26
836,2569,2005-01-03,2006-10-23
837,2572,2005-01-03,2005-03-07
838,2577,2005-01-03,2008-12-30
839,2591,2005-01-03,2008-12-09
840,2592,2005-03-14,2007-07-05
841,2596,2009-06-01,2021-08-26
842,2597,2010-03-26,2021-08-26
843,2599,2008-06-24,2021-08-26
844,2601,2005-01-03,2021-08-26
845,2603,2005-01-03,2021-08-26
846,2605,2005-01-03,2021-08-26
847,2606,2005-01-03,2021-08-26
848,2607,2005-01-03,2021-08-26
849,2608,2005-01-03,2021-08-26
850,2609,2005-01-03,2021-08-26
851,2610,2005-01-03,2021-08-26
852,2611,2005-01-03,2021-08-26
853,2612,2005-01-03,2021-08-26
854,2613,2005-01-03,2021-08-26
855,2614,2005-01-03,2021-08-26
856,2615,2005-01-03,2021-08-26
857,2616,2005-01-03,2021-08-26
858,2617,2005-01-03,2021-08-26
859,2618,2005-01-03,2021-08-26
860,2622,2005-01-03,2006-07-25
861,2626,2007-07-19,2011-10-19
862,2628,2006-02-23,2007-08-29
863,2630,2018-02-22,2021-08-26
864,2633,2016-10-27,2021-08-26
865,2634,2014-08-25,2021-08-26
866,2636,2009-03-31,2021-08-26
867,2637,2010-12-01,2021-08-26
868,2639,2010-11-22,2016-02-03
869,2640,2012-11-07,2021-08-26
870,2641,2014-10-09,2021-08-26
871,2642,2013-12-12,2021-08-26
872,2643,2016-03-04,2021-08-26
873,2701,2005-01-03,2021-08-26
874,2702,2005-01-03,2021-08-26
875,2704,2005-01-03,2021-08-26
876,2705,2005-01-03,2021-08-26
877,2706,2005-01-03,2021-08-26
878,2707,2005-01-03,2021-08-26
879,2712,2013-12-03,2021-08-26
880,2717,2007-10-02,2008-08-14
881,2718,2011-03-29,2021-08-26
882,2719,2012-02-24,2021-08-26
883,2720,2014-10-22,2017-12-18
884,2721,2009-12-17,2021-04-15
885,2722,2012-03-14,2021-08-26
886,2723,2010-11-22,2021-08-26
887,2724,2012-05-29,2021-08-26
888,2726,2014-12-24,2021-08-26
889,2727,2012-03-06,2021-08-26
890,2729,2012-09-17,2021-08-26
891,2730,2011-10-28,2021-08-26
892,2731,2013-09-24,2021-08-26
893,2732,2015-01-20,2021-08-26
894,2733,2012-12-24,2021-08-26
895,2734,2013-12-26,2021-08-26
896,2735,2014-11-28,2016-02-03
897,2736,2016-01-06,2021-08-26
898,2738,2015-03-12,2019-01-10
899,2739,2016-05-19,2021-08-26
900,2740,2015-12-24,2021-08-26
901,2741,2014-10-28,2021-08-26
902,2743,2020-03-09,2021-08-26
903,2745,2018-04-16,2021-08-26
904,2748,2016-11-23,2021-08-26
905,2749,2016-06-07,2017-08-23
906,2750,2018-08-08,2021-08-26
907,2752,2019-09-25,2021-08-26
908,2753,2020-09-29,2021-08-26
909,2754,2020-09-17,2021-08-26
910,2755,2020-12-16,2021-08-26
911,2756,2021-01-07,2021-08-26
912,2801,2005-01-03,2021-08-26
913,2807,2005-01-03,2007-01-17
914,2808,2005-01-03,2005-12-13
915,2809,2005-01-03,2021-08-26
916,2811,2005-01-03,2007-03-07
917,2812,2005-01-03,2021-08-26
918,2816,2005-01-03,2021-08-26
919,2820,2005-01-03,2021-08-26
920,2822,2005-01-03,2006-04-18
921,2823,2005-01-03,2021-08-26
922,2825,2005-01-03,2006-07-27
923,2827,2005-01-03,2007-04-27
924,2831,2005-01-03,2007-01-19
925,2832,2005-01-03,2021-08-26
926,2833,2005-01-03,2015-10-01
927,2834,2005-01-03,2021-08-26
928,2836,2005-01-03,2021-08-26
929,2837,2005-01-03,2014-09-01
930,2838,2005-01-03,2021-08-26
931,2841,2005-01-03,2021-08-26
932,2845,2005-01-03,2021-08-26
933,2847,2005-01-03,2016-03-09
934,2849,2005-01-03,2021-08-26
935,2850,2005-01-03,2021-08-26
936,2851,2005-01-03,2021-08-26
937,2852,2005-01-03,2021-08-26
938,2854,2005-01-03,2011-09-20
939,2855,2005-01-03,2021-08-26
940,2856,2005-01-03,2018-09-17
941,2867,2012-12-18,2021-08-26
942,2880,2005-01-03,2021-08-26
943,2881,2005-01-03,2021-08-26
944,2882,2005-01-03,2021-08-26
945,2883,2005-01-03,2021-08-26
946,2884,2005-01-03,2021-08-26
947,2885,2005-01-03,2021-08-26
948,2886,2005-01-03,2021-08-26
949,2887,2005-01-03,2021-08-26
950,2888,2005-01-03,2021-08-26
951,2889,2005-01-03,2021-08-26
952,2890,2005-01-03,2021-08-26
953,2891,2005-01-03,2021-08-26
954,2892,2005-01-03,2021-08-26
955,2897,2017-05-05,2021-08-26
956,2901,2005-01-03,2021-08-26
957,2902,2005-01-03,2005-06-10
958,2903,2005-01-03,2021-08-26
959,2904,2005-01-03,2021-08-26
960,2905,2005-01-03,2021-08-26
961,2906,2005-01-03,2021-08-26
962,2908,2005-01-03,2021-08-26
963,2910,2005-01-03,2021-08-26
964,2911,2005-01-03,2021-08-26
965,2912,2005-01-03,2021-08-26
966,2913,2005-01-03,2021-08-26
967,2915,2005-01-03,2021-08-26
968,2916,2005-03-10,2021-08-26
969,2920,2005-01-03,2012-09-17
970,2921,2006-01-19,2009-12-23
971,2923,2012-12-07,2021-08-26
972,2924,2011-12-02,2021-08-26
973,2926,2013-01-30,2021-08-26
974,2928,2016-01-27,2021-08-26
975,2929,2013-12-30,2021-08-26
976,2936,2016-09-26,2021-08-26
977,2937,2017-06-08,2021-08-26
978,2938,2016-10-05,2021-08-26
979,2939,2018-01-11,2021-08-26
980,2942,2018-03-31,2021-08-26
981,2945,2018-12-17,2021-08-26
982,2947,2020-09-22,2021-08-26
983,2948,2020-12-10,2021-08-26
984,3002,2005-01-03,2021-08-26
985,3003,2005-01-03,2021-08-26
986,3004,2005-01-11,2021-08-26
987,3005,2005-01-03,2021-08-26
988,3006,2005-01-03,2021-08-26
989,3007,2005-01-03,2007-04-12
990,3008,2005-01-03,2021-08-26
991,3009,2005-01-03,2010-03-05
992,3010,2005-01-03,2021-08-26
993,3011,2005-01-03,2021-08-26
994,3012,2005-01-03,2006-09-19
995,3013,2005-01-03,2021-08-26
996,3014,2005-01-03,2021-08-26
997,3015,2005-01-03,2021-08-26
998,3016,2005-01-03,2021-08-26
999,3017,2005-01-03,2021-08-26
1000,3018,2005-01-03,2021-08-26
1001,3019,2005-01-03,2021-08-26
1002,3020,2005-01-03,2008-01-02
1003,3021,2005-06-01,2021-08-26
1004,3022,2005-01-03,2021-08-26
1005,3023,2005-01-03,2021-08-26
1006,3024,2005-01-03,2021-08-26
1007,3025,2005-01-03,2021-08-26
1008,3026,2005-01-03,2021-08-26
1009,3027,2005-01-03,2021-08-26
1010,3028,2005-01-03,2021-08-26
1011,3029,2005-01-03,2021-08-26
1012,3030,2005-01-03,2021-08-26
1013,3031,2005-01-03,2021-08-26
1014,3032,2005-01-03,2021-08-26
1015,3033,2005-01-03,2021-08-26
1016,3034,2005-01-03,2021-08-26
1017,3035,2005-01-03,2021-08-26
1018,3036,2005-01-03,2021-08-26
1019,3037,2005-01-03,2021-08-26
1020,3038,2005-01-03,2021-08-26
1021,3039,2005-01-03,2005-02-22
1022,3040,2005-01-03,2021-08-26
1023,3041,2005-01-03,2021-08-26
1024,3042,2005-01-03,2021-08-26
1025,3043,2005-01-03,2021-08-26
1026,3044,2005-01-03,2021-08-26
1027,3045,2005-01-03,2021-08-26
1028,3046,2005-01-03,2021-08-26
1029,3047,2005-01-03,2021-08-26
1030,3048,2005-01-03,2021-08-26
1031,3049,2005-01-03,2021-08-26
1032,3050,2005-01-03,2021-08-26
1033,3051,2005-01-03,2021-08-26
1034,3052,2005-01-03,2021-08-26
1035,3053,2005-01-03,2008-05-09
1036,3054,2005-01-03,2021-08-26
1037,3055,2005-01-03,2021-08-26
1038,3056,2005-01-03,2021-08-26
1039,3057,2005-01-03,2021-08-26
1040,3058,2005-01-03,2021-08-26
1041,3059,2005-01-03,2021-08-26
1042,3060,2005-01-03,2021-08-26
1043,3061,2005-01-03,2014-12-23
1044,3062,2005-01-03,2021-08-26
1045,3063,2005-01-03,2010-03-19
1046,3064,2005-01-03,2021-08-26
1047,3065,2005-01-03,2007-09-28
1048,3066,2005-01-03,2021-08-26
1049,3067,2005-01-03,2021-08-26
1050,3068,2008-05-02,2018-06-06
1051,3069,2005-01-03,2011-11-16
1052,3071,2005-01-03,2021-08-26
1053,3073,2007-10-08,2021-08-26
1054,3074,2005-01-03,2016-05-18
1055,3075,2005-01-03,2012-11-16
1056,3077,2005-01-03,2005-01-07
1057,3078,2005-01-31,2021-08-26
1058,3079,2005-01-03,2008-04-17
1059,3080,2005-12-28,2013-01-21
1060,3081,2015-07-22,2021-08-26
1061,3083,2005-01-03,2021-08-26
1062,3084,2005-01-03,2005-04-28
1063,3085,2005-01-03,2021-08-26
1064,3086,2005-01-03,2021-08-26
1065,3087,2005-01-03,2013-04-29
1066,3088,2005-04-28,2021-08-26
1067,3089,2005-01-03,2021-08-26
1068,3090,2005-01-03,2021-08-26
1069,3091,2005-01-03,2005-09-16
1070,3092,2010-05-11,2021-08-26
1071,3093,2005-06-17,2021-08-26
1072,3094,2007-08-06,2021-08-26
1073,3095,2005-05-26,2021-08-26
1074,3096,2005-01-03,2007-11-30
1075,3097,2005-01-03,2021-08-26
1076,3098,2005-01-03,2009-08-27
1077,3099,2005-01-03,2009-08-19
1078,3105,2011-12-13,2021-08-26
1079,3109,2007-05-31,2007-11-16
1080,3114,2005-01-03,2021-08-26
1081,3115,2005-04-08,2021-08-26
1082,3117,2012-08-31,2021-08-26
1083,3118,2008-05-21,2021-08-26
1084,3122,2015-01-26,2021-08-26
1085,3126,2005-01-03,2015-02-24
1086,3127,2005-01-03,2015-04-29
1087,3128,2006-09-04,2021-08-26
1088,3130,2006-02-17,2021-08-26
1089,3131,2011-01-17,2021-08-26
1090,3133,2005-01-03,2005-03-18
1091,3135,2005-01-03,2005-11-03
1092,3137,2005-01-03,2005-01-17
1093,3138,2020-12-11,2021-08-26
1094,3139,2005-01-03,2007-07-19
1095,3141,2014-03-14,2021-08-26
1096,3142,2005-01-03,2008-02-18
1097,3144,2005-01-03,2021-08-26
1098,3146,2005-01-03,2005-04-27
1099,3147,2018-05-29,2021-08-26
1100,3149,2011-11-23,2021-08-26
1101,3150,2010-10-06,2021-08-26
1102,3151,2011-12-15,2015-12-24
1103,3152,2008-03-24,2021-08-26
1104,3158,2018-03-16,2021-08-26
1105,3159,2005-01-03,2005-11-17
1106,3161,2007-03-26,2015-07-09
1107,3162,2005-10-03,2021-08-26
1108,3163,2012-12-03,2021-08-26
1109,3164,2008-09-10,2021-08-26
1110,3166,2005-01-03,2009-04-15
1111,3167,2013-10-21,2021-08-26
1112,3168,2005-01-03,2021-08-26
1113,3169,2009-11-24,2021-08-26
1114,3171,2005-01-03,2021-08-26
1115,3176,2011-11-23,2021-08-26
1116,3178,2018-11-19,2021-08-26
1117,3179,2005-01-03,2006-09-01
1118,3184,2005-01-03,2021-08-26
1119,3185,2005-01-03,2005-04-20
1120,3186,2005-01-03,2009-12-31
1121,3188,2005-01-03,2021-08-26
1122,3189,2005-01-03,2021-08-26
1123,3190,2005-01-03,2007-01-11
1124,3191,2005-04-12,2021-08-26
1125,3192,2005-01-03,2005-09-23
1126,3193,2005-01-03,2006-03-30
1127,3194,2005-01-03,2005-01-28
1128,3195,2005-01-03,2010-03-10
1129,3196,2005-01-03,2005-01-25
1130,3202,2005-07-26,2021-08-26
1131,3205,2005-09-12,2021-08-26
1132,3206,2007-02-08,2021-08-26
1133,3207,2005-01-03,2021-08-26
1134,3208,2005-01-03,2005-01-06
1135,3209,2005-01-03,2021-08-26
1136,3211,2005-01-03,2021-08-26
1137,3212,2005-01-03,2005-04-07
1138,3213,2005-01-03,2021-08-26
1139,3214,2005-01-03,2007-02-08
1140,3216,2005-01-03,2006-11-21
1141,3217,2005-01-03,2021-08-26
1142,3218,2005-01-03,2021-08-26
1143,3219,2005-01-03,2021-08-26
1144,3221,2006-02-22,2021-08-26
1145,3222,2005-01-03,2005-08-10
1146,3223,2005-01-03,2005-05-18
1147,3224,2005-01-03,2021-08-26
1148,3226,2005-01-03,2021-08-26
1149,3227,2006-05-04,2021-08-26
1150,3228,2005-03-02,2021-08-26
1151,3229,2005-04-12,2021-08-26
1152,3230,2006-09-25,2021-08-26
1153,3231,2005-01-03,2021-08-26
1154,3232,2005-01-03,2021-08-26
1155,3233,2005-01-03,2005-09-12
1156,3234,2011-03-24,2021-08-26
1157,3236,2005-01-03,2021-08-26
1158,3237,2005-01-03,2012-03-07
1159,3239,2005-01-03,2005-12-07
1160,3240,2005-01-03,2005-03-04
1161,3241,2005-01-03,2005-03-14
1162,3252,2005-01-03,2021-08-26
1163,3256,2005-01-03,2008-07-09
1164,3257,2011-03-21,2021-08-26
1165,3259,2007-12-24,2021-08-26
1166,3260,2005-01-03,2021-08-26
1167,3264,2005-01-05,2021-08-26
1168,3265,2005-08-02,2021-08-26
1169,3266,2005-01-03,2021-08-26
1170,3267,2005-01-03,2009-02-18
1171,3268,2005-01-27,2021-08-26
1172,3270,2005-01-03,2006-01-23
1173,3271,2005-01-31,2008-06-17
1174,3272,2014-08-26,2021-08-26
1175,3274,2005-01-03,2005-01-12
1176,3276,2005-01-12,2021-08-26
1177,3278,2005-01-03,2007-03-03
1178,3279,2005-01-03,2009-11-03
1179,3282,2005-01-03,2009-03-30
1180,3283,2005-01-03,2007-05-10
1181,3284,2005-03-22,2021-08-26
1182,3285,2012-07-23,2021-08-26
1183,3286,2005-01-03,2006-07-07
1184,3287,2008-01-28,2021-08-26
1185,3288,2005-04-15,2021-08-26
1186,3289,2005-01-03,2021-08-26
1187,3290,2005-05-19,2021-08-26
1188,3291,2009-02-27,2016-09-26
1189,3293,2006-07-12,2021-08-26
1190,3294,2007-04-27,2021-08-26
1191,3295,2005-01-03,2005-01-06
1192,3296,2005-03-16,2021-08-26
1193,3297,2005-06-07,2021-08-26
1194,3298,2005-07-05,2008-09-18
1195,3299,2005-07-29,2018-11-21
1196,3301,2010-10-29,2013-05-21
1197,3303,2007-05-28,2021-08-26
1198,3304,2005-01-03,2008-06-18
1199,3305,2005-06-30,2021-08-26
1200,3306,2005-07-05,2021-08-26
1201,3307,2005-01-03,2017-01-10
1202,3308,2008-03-12,2021-08-26
1203,3309,2005-01-03,2011-03-18
1204,3310,2008-06-27,2021-08-26
1205,3311,2005-01-03,2021-08-26
1206,3312,2005-11-07,2021-08-26
1207,3313,2006-05-29,2021-08-26
1208,3314,2005-01-03,2008-09-17
1209,3315,2006-10-26,2017-09-22
1210,3317,2007-08-09,2021-08-26
1211,3318,2005-01-03,2016-05-18
1212,3320,2005-01-03,2006-11-27
1213,3321,2015-12-15,2021-08-26
1214,3322,2009-05-20,2021-08-26
1215,3323,2007-06-25,2021-08-26
1216,3324,2005-05-13,2021-08-26
1217,3325,2005-08-15,2021-08-26
1218,3328,2005-01-03,2006-11-10
1219,3330,2005-01-03,2005-12-20
1220,3331,2005-01-03,2006-07-11
1221,3332,2008-01-24,2021-08-26
1222,3333,2005-01-03,2005-10-21
1223,3334,2005-01-03,2011-08-10
1224,3338,2013-12-13,2021-08-26
1225,3339,2006-06-27,2021-08-26
1226,3342,2005-01-03,2012-06-07
1227,3343,2005-01-03,2006-11-17
1228,3344,2005-01-03,2005-08-23
1229,3345,2005-01-03,2017-06-03
1230,3346,2016-12-19,2021-08-26
1231,3348,2005-01-03,2006-05-04
1232,3349,2005-01-03,2021-08-26
1233,3350,2007-05-30,2008-11-17
1234,3353,2005-01-03,2005-07-26
1235,3354,2005-12-08,2021-08-26
1236,3355,2005-01-03,2005-03-22
1237,3356,2005-03-28,2021-08-26
1238,3357,2021-04-27,2021-08-26
1239,3360,2006-06-06,2021-08-26
1240,3361,2005-01-03,2011-12-02
1241,3362,2005-09-06,2021-08-26
1242,3363,2011-02-25,2021-08-26
1243,3364,2005-01-03,2006-11-17
1244,3365,2005-01-03,2006-09-22
1245,3366,2005-01-03,2006-08-10
1246,3367,2005-10-25,2011-09-28
1247,3368,2005-01-03,2005-04-12
1248,3369,2006-03-06,2008-11-06
1249,3370,2005-01-03,2006-02-16
1250,3371,2005-01-03,2005-05-04
1251,3372,2005-12-16,2021-08-26
1252,3373,2007-12-13,2021-08-26
1253,3374,2015-03-30,2021-08-26
1254,3376,2005-12-26,2021-08-26
1255,3377,2011-09-06,2020-10-20
1256,3379,2011-10-20,2021-08-26
1257,3380,2005-01-03,2021-08-26
1258,3381,2005-01-03,2006-01-24
1259,3383,2007-12-10,2021-08-26
1260,3387,2005-01-03,2005-03-17
1261,3388,2006-02-22,2021-08-26
1262,3389,2008-10-01,2012-01-16
1263,3390,2006-02-22,2021-08-26
1264,3391,2015-12-29,2021-08-26
1265,3394,2005-01-03,2011-04-12
1266,3395,2005-01-03,2005-07-25
1267,3396,2006-12-28,2011-09-14
1268,3397,2005-11-30,2009-01-21
1269,3401,2005-01-03,2007-05-02
1270,3402,2007-01-09,2021-08-26
1271,3404,2005-01-03,2006-10-25
1272,3406,2005-12-20,2021-08-26
1273,3408,2010-10-29,2012-11-19
1274,3411,2005-01-03,2016-06-01
1275,3412,2005-06-28,2009-03-11
1276,3413,2015-07-28,2021-08-26
1277,3414,2005-01-03,2015-09-04
1278,3416,2007-09-27,2021-08-26
1279,3419,2006-05-12,2021-08-26
1280,3422,2005-11-03,2015-01-13
1281,3423,2005-07-04,2013-12-17
1282,3426,2016-12-21,2021-08-26
1283,3428,2012-05-09,2018-09-17
1284,3429,2007-10-15,2021-08-26
1285,3430,2010-09-16,2021-08-26
1286,3431,2006-07-19,2019-01-18
1287,3432,2010-12-30,2021-08-26
1288,3434,2008-01-28,2021-08-26
1289,3435,2005-08-03,2011-10-19
1290,3437,2014-07-09,2021-08-26
1291,3438,2006-07-19,2021-08-26
1292,3441,2010-10-04,2021-08-26
1293,3442,2005-02-14,2006-02-14
1294,3443,2006-11-03,2021-08-26
1295,3444,2008-09-26,2021-08-26
1296,3450,2006-04-12,2021-08-26
1297,3452,2006-03-08,2020-01-10
1298,3454,2006-07-25,2021-08-26
1299,3455,2007-12-27,2021-08-26
1300,3465,2008-01-28,2021-08-26
1301,3466,2006-05-17,2021-08-26
1302,3469,2005-12-29,2008-06-09
1303,3470,2006-10-20,2007-01-03
1304,3471,2010-12-30,2013-12-02
1305,3472,2007-03-29,2015-07-15
1306,3474,2006-03-17,2016-11-29
1307,3475,2005-12-22,2015-01-29
1308,3479,2010-06-08,2021-08-26
1309,3480,2005-07-15,2007-10-08
1310,3481,2006-10-24,2021-08-26
1311,3482,2006-04-17,2009-07-24
1312,3483,2006-12-18,2021-08-26
1313,3484,2007-11-09,2021-08-26
1314,3485,2012-09-28,2021-08-26
1315,3489,2007-09-29,2021-08-26
1316,3490,2007-10-15,2021-08-26
1317,3491,2008-01-03,2021-08-26
1318,3492,2015-05-18,2021-08-26
1319,3494,2007-12-13,2021-08-26
1320,3496,2005-11-15,2013-10-01
1321,3497,2005-11-24,2007-03-20
1322,3498,2007-09-11,2021-08-26
1323,3499,2006-10-19,2021-08-26
1324,3501,2007-09-20,2021-08-26
1325,3502,2005-11-08,2009-04-06
1326,3503,2007-02-08,2013-11-06
1327,3504,2007-01-26,2021-08-26
1328,3505,2006-09-06,2017-11-03
1329,3506,2005-12-08,2007-10-19
1330,3507,2006-01-11,2017-02-24
1331,3508,2007-10-17,2021-08-26
1332,3511,2009-02-16,2021-08-26
1333,3512,2007-07-25,2021-08-26
1334,3513,2007-07-03,2009-02-04
1335,3514,2007-11-02,2018-09-17
1336,3515,2007-11-08,2021-08-26
1337,3516,2007-11-29,2021-08-26
1338,3517,2006-07-06,2012-01-04
1339,3518,2007-11-28,2021-08-26
1340,3519,2008-01-25,2019-04-30
1341,3520,2007-10-12,2021-08-26
1342,3521,2007-08-07,2021-08-26
1343,3522,2007-10-15,2021-08-26
1344,3523,2007-11-16,2021-08-26
1345,3524,2006-10-13,2015-07-08
1346,3526,2007-11-02,2021-08-26
1347,3527,2007-10-29,2021-08-26
1348,3528,2011-05-18,2021-08-26
1349,3529,2011-01-24,2021-08-26
1350,3530,2018-07-16,2021-08-26
1351,3531,2008-04-08,2021-08-26
1352,3532,2007-12-10,2021-08-26
1353,3533,2007-12-10,2021-08-26
1354,3534,2008-04-08,2011-09-22
1355,3535,2008-01-31,2021-08-26
1356,3536,2008-04-30,2021-08-26
1357,3537,2010-01-25,2021-08-26
1358,3538,2007-06-29,2015-07-28
1359,3540,2007-12-12,2021-08-26
1360,3541,2009-12-22,2021-08-26
1361,3542,2006-11-30,2008-06-05
1362,3543,2020-04-15,2021-08-26
1363,3544,2007-08-27,2011-03-30
1364,3545,2007-07-03,2021-08-26
1365,3546,2008-04-18,2021-08-26
1366,3547,2007-01-17,2010-03-08
1367,3548,2008-03-27,2021-08-26
1368,3549,2006-12-29,2010-10-01
1369,3550,2010-11-10,2021-08-26
1370,3551,2008-04-15,2021-08-26
1371,3552,2009-01-07,2021-08-26
1372,3553,2008-10-21,2017-09-22
1373,3554,2007-03-01,2016-03-22
1374,3555,2011-11-08,2021-08-26
1375,3556,2008-04-15,2021-08-26
1376,3557,2008-02-27,2021-08-26
1377,3558,2013-12-30,2021-08-26
1378,3559,2008-10-23,2017-08-23
1379,3560,2007-06-22,2012-01-18
1380,3561,2008-12-05,2018-09-17
1381,3562,2008-06-17,2020-02-14
1382,3563,2011-01-05,2021-08-26
1383,3564,2013-12-03,2021-08-26
1384,3565,2007-07-11,2014-02-11
1385,3566,2007-08-15,2018-11-30
1386,3567,2010-11-22,2021-08-26
1387,3568,2007-10-01,2015-07-28
1388,3570,2008-10-23,2021-08-26
1389,3571,2007-08-27,2011-06-14
1390,3572,2007-09-14,2014-02-26
1391,3573,2009-08-26,2016-06-22
1392,3574,2008-09-26,2009-06-24
1393,3575,2010-09-27,2013-04-12
1394,3576,2009-01-12,2021-08-26
1395,3577,2009-01-06,2021-08-26
1396,3578,2007-10-25,2008-09-24
1397,3579,2009-12-23,2019-06-25
1398,3580,2010-07-09,2021-08-26
1399,3581,2015-01-20,2021-08-26
1400,3582,2010-06-29,2014-12-24
1401,3583,2013-03-12,2021-08-26
1402,3584,2010-07-27,2016-04-06
1403,3585,2007-10-25,2021-08-26
1404,3586,2007-10-29,2011-12-29
1405,3587,2009-08-18,2021-08-26
1406,3588,2009-08-14,2021-08-26
1407,3589,2007-11-26,2008-12-24
1408,3590,2007-10-29,2011-07-19
1409,3591,2010-11-12,2021-08-26
1410,3592,2007-10-29,2021-08-26
1411,3593,2009-03-16,2021-08-26
1412,3594,2013-05-07,2021-08-26
1413,3595,2007-11-16,2021-08-26
1414,3596,2009-03-11,2021-08-26
1415,3597,2020-03-09,2021-08-26
1416,3598,2011-01-11,2016-05-25
1417,3599,2012-05-09,2013-05-20
1418,3601,2007-11-28,2020-04-14
1419,3603,2008-01-09,2021-08-26
1420,3604,2010-10-29,2013-08-29
1421,3605,2009-03-26,2021-08-26
1422,3606,2008-01-25,2013-01-03
1423,3607,2009-10-28,2021-08-26
1424,3609,2011-01-11,2021-08-26
1425,3610,2010-02-22,2015-12-10
1426,3611,2008-11-26,2021-08-26
1427,3612,2008-04-15,2008-12-09
1428,3613,2009-12-31,2014-10-24
1429,3614,2009-06-18,2010-09-17
1430,3615,2009-04-15,2021-08-26
1431,3616,2008-12-23,2013-04-16
1432,3617,2009-12-23,2021-08-26
1433,3619,2008-03-14,2009-01-09
1434,3620,2010-06-18,2011-12-29
1435,3622,2009-03-25,2021-08-26
1436,3623,2010-04-28,2021-08-26
1437,3624,2011-03-16,2021-08-26
1438,3625,2009-10-28,2021-08-26
1439,3627,2013-03-26,2021-08-26
1440,3628,2010-09-09,2021-08-26
1441,3629,2010-05-27,2021-08-26
1442,3630,2010-04-26,2021-08-26
1443,3631,2010-12-20,2021-08-26
1444,3632,2011-01-11,2021-08-26
1445,3633,2008-08-06,2021-08-26
1446,3634,2008-09-10,2011-09-14
1447,3635,2008-09-11,2012-11-29
1448,3636,2008-09-05,2015-10-15
1449,3637,2008-12-05,2016-04-11
1450,3638,2010-05-18,2014-09-09
1451,3642,2011-09-29,2021-08-26
1452,3643,2010-05-27,2013-02-20
1453,3644,2010-06-15,2018-07-10
1454,3645,2011-10-05,2021-08-26
1455,3646,2012-03-27,2021-08-26
1456,3647,2009-02-27,2016-10-20
1457,3649,2010-09-10,2012-09-14
1458,3651,2009-11-17,2014-01-21
1459,3652,2009-08-27,2021-08-26
1460,3653,2009-11-18,2021-08-26
1461,3656,2009-06-16,2013-01-10
1462,3657,2009-09-24,2016-01-14
1463,3658,2012-05-21,2016-11-15
1464,3659,2009-10-19,2021-08-26
1465,3661,2014-10-28,2021-08-26
1466,3662,2011-08-03,2016-11-16
1467,3663,2012-11-20,2021-08-26
1468,3664,2010-06-24,2021-08-26
1469,3665,2011-04-21,2021-08-26
1470,3666,2014-12-04,2021-08-26
1471,3669,2011-08-25,2021-08-26
1472,3671,2010-08-02,2016-11-29
1473,3672,2015-04-20,2021-08-26
1474,3673,2010-10-29,2021-08-26
1475,3674,2010-06-01,2020-12-28
1476,3675,2012-06-29,2021-08-26
1477,3678,2009-10-22,2021-08-26
1478,3679,2011-10-05,2021-08-26
1479,3680,2011-08-31,2021-08-26
1480,3681,2010-04-01,2015-11-18
1481,3682,2013-08-05,2021-08-26
1482,3684,2014-03-28,2021-08-26
1483,3685,2010-12-08,2021-08-26
1484,3686,2010-07-20,2021-08-26
1485,3687,2011-01-11,2021-08-26
1486,3688,2014-04-25,2021-08-26
1487,3689,2012-10-18,2021-08-26
1488,3690,2009-10-20,2016-08-23
1489,3691,2010-11-18,2021-08-26
1490,3693,2013-11-27,2021-08-26
1491,3694,2011-05-03,2021-08-26
1492,3697,2010-12-24,2014-01-15
1493,3698,2011-09-29,2021-01-05
1494,3701,2005-01-03,2021-08-26
1495,3702,2005-11-09,2021-08-26
1496,3703,2010-04-08,2021-08-26
1497,3704,2010-08-16,2021-08-26
1498,3705,2011-01-03,2021-08-26
1499,3706,2013-09-12,2021-08-26
1500,3707,2014-10-01,2021-08-26
1501,3708,2016-08-31,2021-08-26
1502,3709,2017-09-01,2021-08-26
1503,3710,2017-12-29,2021-08-26
1504,3711,2018-04-30,2021-08-26
1505,3712,2018-10-01,2021-08-26
1506,3713,2020-02-27,2021-08-26
1507,3714,2021-01-06,2021-08-26
1508,4102,2005-01-03,2021-08-26
1509,4103,2005-01-03,2018-11-06
1510,4104,2005-01-03,2021-08-26
1511,4105,2005-01-03,2021-08-26
1512,4106,2005-01-03,2021-08-26
1513,4107,2005-01-03,2021-08-26
1514,4108,2005-01-03,2021-08-26
1515,4109,2005-01-03,2021-08-26
1516,4111,2005-01-03,2021-08-26
1517,4113,2005-01-03,2021-08-26
1518,4114,2005-01-03,2021-08-26
1519,4115,2005-01-03,2005-05-03
1520,4116,2015-12-16,2021-08-26
1521,4117,2005-01-03,2021-08-26
1522,4118,2005-01-03,2005-05-27
1523,4119,2005-01-03,2021-08-26
1524,4120,2005-01-03,2021-08-26
1525,4121,2005-01-03,2021-08-26
1526,4123,2005-01-03,2021-08-26
1527,4124,2005-01-03,2011-05-27
1528,4125,2005-01-03,2007-12-06
1529,4126,2005-01-03,2021-08-26
1530,4127,2005-07-29,2021-08-26
1531,4128,2006-06-09,2021-08-26
1532,4129,2005-01-03,2021-08-26
1533,4130,2012-01-12,2021-08-26
1534,4131,2005-01-03,2021-08-26
1535,4132,2010-05-26,2021-08-26
1536,4133,2009-12-28,2021-08-26
1537,4134,2008-06-11,2019-04-17
1538,4135,2008-12-25,2019-10-29
1539,4136,2016-01-27,2021-08-26
1540,4137,2013-11-27,2021-08-26
1541,4138,2010-12-29,2021-08-26
1542,4139,2011-04-29,2021-08-26
1543,4140,2010-08-25,2013-05-08
1544,4141,2012-04-25,2021-08-26
1545,4142,2012-05-03,2021-08-26
1546,4144,2011-10-05,2020-10-21
1547,4145,2010-04-22,2011-04-13
1548,4147,2015-11-23,2021-08-26
1549,4148,2017-06-08,2021-08-26
1550,4150,2010-09-15,2021-08-26
1551,4151,2010-12-08,2021-08-26
1552,4152,2012-12-21,2021-08-26
1553,4153,2013-05-23,2021-08-26
1554,4154,2011-12-28,2021-08-26
1555,4155,2017-12-05,2021-08-26
1556,4156,2011-09-13,2014-04-10
1557,4157,2014-01-17,2021-08-26
1558,4159,2012-01-17,2019-08-12
1559,4160,2012-09-17,2021-08-26
1560,4161,2013-06-26,2021-08-26
1561,4162,2012-09-18,2021-08-26
1562,4163,2012-11-15,2021-08-26
1563,4164,2012-10-24,2021-08-26
1564,4166,2012-06-15,2021-08-26
1565,4167,2015-09-08,2021-08-26
1566,4168,2012-12-18,2021-08-26
1567,4169,2012-05-07,2021-08-26
1568,4170,2013-04-15,2020-07-23
1569,4171,2014-08-14,2021-08-26
1570,4172,2012-09-13,2021-08-26
1571,4173,2013-10-31,2021-08-26
1572,4174,2015-03-23,2021-08-26
1573,4175,2014-04-23,2021-08-26
1574,4177,2012-10-09,2019-01-25
1575,4180,2013-12-03,2019-07-29
1576,4181,2012-12-24,2016-05-13
1577,4183,2017-03-09,2021-08-26
1578,4184,2012-12-27,2015-10-16
1579,4186,2012-11-27,2021-08-26
1580,4187,2012-12-18,2017-12-18
1581,4188,2015-03-24,2021-08-26
1582,4190,2015-10-21,2021-08-26
1583,4191,2013-07-08,2021-08-26
1584,4192,2014-10-28,2021-08-26
1585,4193,2015-04-20,2019-10-18
1586,4194,2013-12-13,2021-08-26
1587,4195,2013-12-16,2021-08-26
1588,4197,2013-10-24,2021-08-26
1589,4198,2014-12-23,2021-08-26
1590,4205,2005-01-03,2021-08-26
1591,4207,2005-01-03,2021-08-26
1592,4303,2005-01-03,2021-08-26
1593,4304,2005-01-03,2021-08-26
1594,4305,2005-01-03,2021-08-26
1595,4306,2005-01-03,2021-08-26
1596,4401,2005-01-03,2021-08-26
1597,4402,2005-01-03,2021-08-26
1598,4404,2005-01-03,2006-08-14
1599,4406,2005-01-03,2021-08-26
1600,4408,2005-01-03,2011-08-08
1601,4413,2005-01-03,2021-08-26
1602,4414,2005-01-03,2021-08-26
1603,4415,2005-01-03,2019-12-13
1604,4416,2005-01-03,2021-08-26
1605,4417,2005-01-03,2021-08-26
1606,4419,2005-01-03,2021-08-26
1607,4420,2005-01-03,2021-08-26
1608,4426,2006-11-10,2021-08-26
1609,4427,2010-11-22,2019-08-21
1610,4429,2010-09-15,2021-08-26
1611,4430,2011-06-09,2021-08-26
1612,4431,2011-08-30,2021-08-26
1613,4432,2012-11-26,2021-08-26
1614,4433,2014-11-03,2021-08-26
1615,4438,2016-10-18,2021-08-26
1616,4439,2019-12-05,2021-08-26
1617,4440,2019-09-11,2021-08-26
1618,4502,2005-01-03,2021-08-26
1619,4503,2005-01-03,2021-08-26
1620,4506,2005-01-03,2021-08-26
1621,4510,2005-01-03,2021-08-26
1622,4513,2005-01-03,2021-08-26
1623,4523,2005-01-03,2021-08-26
1624,4526,2005-01-03,2021-08-26
1625,4527,2005-01-03,2021-08-26
1626,4528,2005-01-03,2021-08-26
1627,4529,2005-01-03,2021-08-26
1628,4530,2005-01-03,2021-08-26
1629,4532,2005-01-03,2021-08-26
1630,4533,2005-01-03,2021-08-26
1631,4534,2005-01-03,2021-08-26
1632,4535,2005-01-03,2021-08-26
1633,4536,2013-10-09,2021-08-26
1634,4537,2012-05-03,2021-08-26
1635,4538,2019-01-15,2021-08-26
1636,4540,2018-08-15,2021-08-26
1637,4541,2014-07-22,2021-08-26
1638,4542,2014-08-25,2021-08-26
1639,4543,2016-03-15,2021-08-26
1640,4544,2012-12-24,2021-08-26
1641,4545,2016-01-06,2021-08-26
1642,4546,2013-07-30,2021-08-26
1643,4547,2013-10-23,2015-11-18
1644,4549,2014-11-27,2021-08-26
1645,4550,2015-03-18,2021-08-26
1646,4551,2015-08-10,2021-08-26
1647,4552,2016-07-20,2021-08-26
1648,4553,2014-09-16,2021-08-26
1649,4554,2016-08-05,2021-08-26
1650,4555,2015-10-27,2021-08-26
1651,4556,2015-12-22,2021-08-26
1652,4557,2015-10-12,2021-08-26
1653,4558,2014-11-14,2021-08-26
1654,4559,2014-12-08,2021-08-26
1655,4560,2017-05-26,2021-08-26
1656,4561,2018-06-11,2021-08-26
1657,4562,2017-08-21,2021-08-26
1658,4563,2018-07-12,2021-08-26
1659,4564,2019-03-07,2021-08-26
1660,4565,2016-10-05,2021-08-26
1661,4566,2018-02-05,2021-08-26
1662,4568,2018-10-03,2021-08-26
1663,4570,2019-08-06,2020-10-20
1664,4571,2019-09-17,2021-08-26
1665,4572,2019-09-10,2021-08-26
1666,4573,2018-07-26,2021-08-26
1667,4575,2018-11-19,2021-08-26
1668,4576,2019-09-04,2021-08-26
1669,4577,2020-10-27,2021-08-26
1670,4578,2018-10-31,2021-08-26
1671,4580,2020-01-06,2021-08-26
1672,4581,2020-03-09,2021-08-26
1673,4582,2019-10-01,2021-08-26
1674,4583,2020-12-01,2021-08-26
1675,4609,2005-01-03,2021-08-26
1676,4702,2005-01-03,2021-08-26
1677,4703,2005-01-03,2015-08-18
1678,4706,2005-01-03,2021-08-26
1679,4707,2005-01-03,2021-08-26
1680,4711,2005-01-03,2021-08-26
1681,4712,2005-01-03,2021-08-26
1682,4714,2005-01-03,2021-08-26
1683,4716,2005-01-03,2021-08-26
1684,4720,2005-01-03,2021-08-26
1685,4721,2005-01-03,2021-08-26
1686,4722,2005-01-03,2021-08-26
1687,4725,2007-10-02,2021-01-15
1688,4726,2013-12-25,2021-08-26
1689,4727,2007-04-03,2008-10-21
1690,4728,2012-01-10,2021-08-26
1691,4729,2009-02-24,2021-08-26
1692,4730,2011-11-30,2021-05-12
1693,4731,2007-11-09,2013-06-13
1694,4732,2007-12-25,2021-08-26
1695,4733,2009-01-15,2016-08-18
1696,4734,2008-05-15,2016-12-13
1697,4735,2011-08-16,2021-08-26
1698,4736,2010-12-01,2021-08-26
1699,4737,2010-12-23,2021-08-26
1700,4738,2009-09-09,2021-08-26
1701,4739,2011-12-01,2021-08-26
1702,4740,2009-06-19,2016-07-01
1703,4741,2017-09-26,2021-08-26
1704,4743,2011-09-23,2021-08-26
1705,4744,2018-07-12,2021-08-26
1706,4745,2013-01-30,2021-08-26
1707,4746,2011-03-01,2021-08-26
1708,4747,2013-12-25,2021-08-26
1709,4749,2010-08-10,2011-12-22
1710,4752,2012-12-27,2020-04-08
1711,4754,2016-09-29,2021-08-26
1712,4755,2013-11-27,2021-08-26
1713,4758,2013-07-11,2015-09-10
1714,4760,2019-03-21,2021-08-26
1715,4762,2015-12-28,2017-07-31
1716,4763,2015-11-09,2021-08-26
1717,4764,2018-01-04,2021-08-26
1718,4765,2016-12-05,2021-08-26
1719,4766,2018-11-28,2021-08-26
1720,4767,2018-10-29,2021-08-26
1721,4768,2019-11-26,2021-08-26
1722,4770,2020-09-28,2021-08-26
1723,4801,2005-01-03,2013-04-29
1724,4802,2014-07-03,2017-11-16
1725,4803,2015-12-16,2021-08-26
1726,4804,2015-12-04,2021-08-26
1727,4805,2014-12-11,2015-11-18
1728,4806,2016-03-09,2021-08-26
1729,4807,2017-06-26,2021-08-26
1730,4903,2005-01-03,2021-08-26
1731,4904,2005-01-03,2021-08-26
1732,4905,2005-01-03,2021-08-26
1733,4906,2005-01-03,2021-08-26
1734,4907,2005-01-03,2021-08-26
1735,4908,2005-01-03,2021-08-26
1736,4909,2005-01-03,2021-08-26
1737,4910,2005-01-03,2005-11-30
1738,4911,2011-03-21,2021-08-26
1739,4912,2011-04-29,2021-08-26
1740,4913,2010-01-14,2013-02-22
1741,4914,2009-12-23,2012-01-06
1742,4915,2012-10-05,2021-08-26
1743,4916,2013-11-21,2021-08-26
1744,4917,2009-12-25,2010-04-16
1745,4919,2010-09-27,2021-08-26
1746,4920,2010-02-10,2016-07-22
1747,4921,2010-01-27,2018-11-19
1748,4922,2011-09-06,2016-02-15
1749,4923,2010-06-30,2021-08-26
1750,4924,2011-10-18,2021-08-26
1751,4925,2010-10-28,2021-08-26
1752,4927,2011-10-18,2021-08-26
1753,4929,2010-02-08,2013-11-29
1754,4930,2010-06-21,2021-08-26
1755,4931,2019-09-17,2021-08-26
1756,4932,2010-04-20,2012-11-02
1757,4933,2011-07-29,2021-08-26
1758,4934,2011-08-16,2021-08-26
1759,4935,2011-07-28,2021-08-26
1760,4938,2010-06-24,2021-08-26
1761,4939,2011-09-19,2021-08-26
1762,4941,2010-05-05,2016-05-12
1763,4942,2011-06-27,2021-08-26
1764,4943,2016-11-11,2021-08-26
1765,4944,2011-05-31,2021-08-26
1766,4945,2020-11-20,2021-08-26
1767,4946,2011-06-10,2021-08-26
1768,4947,2011-10-18,2020-05-20
1769,4949,2010-06-24,2018-08-31
1770,4950,2012-04-27,2021-08-26
1771,4951,2010-06-29,2021-08-26
1772,4952,2011-11-01,2021-08-26
1773,4953,2014-01-08,2021-08-26
1774,4956,2011-10-24,2021-08-26
1775,4958,2011-12-26,2021-08-26
1776,4960,2011-10-24,2021-08-26
1777,4961,2018-10-17,2021-08-26
1778,4962,2010-09-24,2015-09-17
1779,4963,2010-12-08,2011-08-05
1780,4965,2011-04-06,2018-06-21
1781,4966,2011-09-13,2021-08-26
1782,4967,2019-01-14,2021-08-26
1783,4968,2015-11-13,2021-08-26
1784,4969,2010-09-24,2017-05-19
1785,4971,2013-07-24,2021-08-26
1786,4972,2013-06-17,2021-08-26
1787,4973,2012-06-19,2021-08-26
1788,4974,2011-11-29,2021-08-26
1789,4975,2011-08-19,2014-05-14
1790,4976,2012-11-20,2021-08-26
1791,4977,2013-11-20,2021-08-26
1792,4978,2010-11-26,2014-11-04
1793,4979,2011-12-12,2021-08-26
1794,4980,2010-11-16,2021-08-26
1795,4984,2011-08-31,2018-08-23
1796,4987,2012-03-21,2021-08-26
1797,4989,2018-06-28,2021-08-26
1798,4990,2010-12-24,2016-06-29
1799,4991,2014-09-15,2021-08-26
1800,4992,2010-12-29,2012-04-24
1801,4994,2011-12-13,2021-08-26
1802,4995,2012-05-09,2021-08-26
1803,4996,2011-01-11,2013-03-06
1804,4997,2011-02-21,2015-11-20
1805,4999,2013-06-03,2021-08-26
1806,5006,2005-01-03,2005-01-14
1807,5007,2005-01-03,2021-08-26
1808,5009,2005-01-03,2021-08-26
1809,5011,2005-01-03,2021-08-26
1810,5013,2005-01-03,2021-08-26
1811,5014,2005-01-03,2021-08-26
1812,5015,2005-01-03,2021-08-26
1813,5016,2005-01-03,2021-08-26
1814,5017,2005-01-03,2007-08-03
1815,5102,2005-01-03,2021-08-26
1816,5201,2005-01-03,2021-08-26
1817,5202,2005-01-03,2021-08-26
1818,5203,2005-01-03,2021-08-26
1819,5204,2005-01-03,2011-08-04
1820,5205,2005-01-03,2021-08-26
1821,5206,2005-01-03,2021-08-26
1822,5207,2005-01-03,2009-02-02
1823,5209,2005-01-03,2021-08-26
1824,5210,2005-01-03,2021-08-26
1825,5211,2005-01-03,2021-08-26
1826,5212,2005-01-03,2021-08-26
1827,5213,2005-01-03,2021-08-26
1828,5215,2011-12-26,2021-08-26
1829,5216,2011-03-15,2020-08-19
1830,5217,2011-01-24,2014-07-22
1831,5220,2018-04-26,2021-08-26
1832,5221,2011-03-01,2013-10-29
1833,5222,2012-12-19,2021-08-26
1834,5223,2018-07-02,2021-08-26
1835,5225,2012-11-05,2021-08-26
1836,5226,2011-04-20,2013-04-12
1837,5227,2013-12-09,2021-08-26
1838,5228,2015-03-26,2021-08-26
1839,5229,2011-04-27,2018-08-23
1840,5230,2012-06-05,2021-08-26
1841,5231,2011-04-25,2011-12-01
1842,5232,2011-07-28,2012-12-18
1843,5233,2011-06-28,2021-08-26
1844,5234,2012-07-16,2021-08-26
1845,5236,2021-07-29,2021-08-26
1846,5238,2011-07-08,2016-09-08
1847,5239,2011-07-28,2013-05-08
1848,5240,2011-06-22,2021-08-26
1849,5242,2011-09-13,2016-06-15
1850,5243,2013-11-25,2021-08-26
1851,5244,2012-01-05,2021-08-26
1852,5245,2015-05-25,2021-08-26
1853,5247,2011-09-02,2013-09-24
1854,5248,2011-09-06,2021-08-26
1855,5250,2011-09-29,2014-02-12
1856,5251,2012-11-26,2021-08-26
1857,5253,2012-12-27,2016-11-21
1858,5254,2019-01-08,2021-08-26
1859,5255,2014-07-25,2018-11-21
1860,5256,2012-06-06,2020-01-02
1861,5257,2011-12-27,2016-03-24
1862,5258,2016-12-30,2021-08-26
1863,5259,2013-12-03,2019-11-18
1864,5261,2013-11-27,2014-12-24
1865,5262,2013-10-21,2021-08-26
1866,5263,2012-12-18,2021-08-26
1867,5264,2013-01-25,2021-01-14
1868,5265,2012-02-22,2013-01-10
1869,5266,2014-01-14,2016-03-23
1870,5267,2012-02-24,2021-08-26
1871,5269,2012-12-12,2021-08-26
1872,5271,2012-03-06,2021-08-26
1873,5272,2013-05-30,2021-08-26
1874,5274,2013-04-30,2021-08-26
1875,5275,2012-04-27,2013-02-06
1876,5276,2014-06-12,2021-08-26
1877,5277,2014-09-24,2021-08-26
1878,5278,2013-06-04,2021-08-26
1879,5279,2013-07-24,2015-02-06
1880,5280,2013-11-08,2014-12-19
1881,5281,2016-03-30,2021-08-26
1882,5282,2012-12-19,2014-05-05
1883,5283,2019-05-24,2021-08-26
1884,5284,2014-10-07,2021-08-26
1885,5285,2014-02-25,2021-08-26
1886,5286,2012-08-10,2019-04-17
1887,5287,2014-01-20,2021-08-26
1888,5288,2014-09-25,2021-08-26
1889,5289,2013-11-27,2021-08-26
1890,5291,2014-12-23,2021-08-26
1891,5292,2020-01-07,2021-08-26
1892,5294,2012-10-26,2020-04-22
1893,5295,2012-12-24,2017-08-16
1894,5296,2013-01-09,2014-03-03
1895,5297,2017-02-21,2021-08-26
1896,5299,2018-01-23,2021-08-26
1897,5301,2005-01-03,2021-08-26
1898,5302,2005-01-03,2021-08-26
1899,5304,2005-01-03,2020-11-19
1900,5305,2005-01-03,2020-11-23
1901,5306,2005-01-03,2021-08-26
1902,5307,2005-01-03,2006-09-08
1903,5309,2005-01-03,2021-08-26
1904,5310,2005-01-03,2021-08-26
1905,5312,2005-01-03,2021-08-26
1906,5314,2005-01-03,2021-08-26
1907,5315,2005-01-03,2021-08-26
1908,5317,2005-01-03,2019-09-17
1909,5318,2005-01-03,2012-11-05
1910,5321,2005-01-03,2021-08-26
1911,5324,2005-01-03,2021-08-26
1912,5325,2005-01-03,2005-01-12
1913,5326,2005-01-03,2014-09-18
1914,5328,2005-01-03,2021-08-26
1915,5336,2005-01-03,2005-11-16
1916,5340,2005-01-03,2021-08-26
1917,5344,2005-01-03,2021-08-26
1918,5345,2005-01-03,2021-08-26
1919,5346,2005-01-03,2012-12-10
1920,5347,2005-01-03,2021-08-26
1921,5348,2005-01-03,2021-08-26
1922,5349,2005-01-03,2020-10-28
1923,5351,2005-01-03,2021-08-26
1924,5353,2005-01-03,2021-08-26
1925,5355,2005-01-03,2021-08-26
1926,5356,2005-01-03,2021-08-26
1927,5364,2005-01-03,2021-08-26
1928,5371,2005-01-03,2021-08-26
1929,5376,2005-06-28,2007-05-09
1930,5381,2005-01-03,2021-08-26
1931,5383,2005-01-03,2021-08-26
1932,5384,2005-01-03,2017-08-21
1933,5386,2005-01-03,2021-08-26
1934,5387,2005-01-03,2011-09-05
1935,5388,2005-01-03,2021-08-26
1936,5392,2005-01-03,2021-08-26
1937,5395,2005-01-03,2016-07-06
1938,5398,2005-01-03,2021-08-26
1939,5403,2005-01-03,2021-08-26
1940,5410,2005-01-03,2021-08-26
1941,5414,2005-01-03,2008-04-25
1942,5425,2005-01-03,2021-08-26
1943,5426,2005-01-03,2021-08-26
1944,5432,2005-01-03,2021-08-26
1945,5434,2005-01-03,2021-08-26
1946,5436,2005-01-03,2005-05-19
1947,5438,2005-01-03,2021-08-26
1948,5439,2005-01-03,2021-08-26
1949,5442,2005-01-03,2005-05-12
1950,5443,2005-01-03,2021-08-26
1951,5450,2005-01-03,2021-08-26
1952,5452,2005-01-03,2021-08-26
1953,5455,2005-01-03,2021-08-26
1954,5457,2005-01-03,2021-08-26
1955,5460,2005-01-03,2021-08-26
1956,5464,2005-01-03,2021-08-26
1957,5465,2005-01-03,2021-08-26
1958,5466,2005-01-03,2015-06-04
1959,5467,2005-01-03,2013-12-24
1960,5468,2005-01-03,2021-08-26
1961,5469,2005-01-03,2021-08-26
1962,5471,2005-01-03,2021-08-26
1963,5473,2005-01-03,2005-11-10
1964,5474,2005-01-03,2021-08-26
1965,5475,2005-01-03,2021-08-26
1966,5478,2005-01-03,2021-08-26
1967,5480,2005-01-03,2019-03-20
1968,5481,2005-01-03,2021-08-26
1969,5483,2005-01-03,2021-08-26
1970,5484,2005-01-03,2021-08-26
1971,5487,2005-01-03,2021-08-26
1972,5488,2005-01-03,2021-08-26
1973,5489,2005-01-03,2021-08-26
1974,5490,2005-01-03,2021-08-26
1975,5491,2005-01-03,2017-12-18
1976,5492,2005-01-03,2009-10-29
1977,5493,2005-01-03,2021-08-26
1978,5494,2005-01-03,2006-06-06
1979,5497,2005-01-03,2005-05-03
1980,5498,2005-01-03,2021-08-26
1981,5501,2005-01-03,2008-08-27
1982,5505,2005-01-03,2015-05-13
1983,5506,2005-01-03,2015-11-25
1984,5508,2005-01-03,2021-08-26
1985,5511,2005-01-03,2021-08-26
1986,5512,2005-01-03,2021-08-26
1987,5514,2005-01-03,2021-08-26
1988,5515,2005-01-03,2021-08-26
1989,5516,2005-01-03,2021-08-26
1990,5519,2005-01-03,2021-08-26
1991,5520,2005-01-03,2021-08-26
1992,5521,2005-01-03,2021-08-26
1993,5522,2005-01-03,2021-08-26
1994,5523,2005-01-03,2021-08-26
1995,5524,2005-01-03,2005-03-30
1996,5525,2005-01-03,2021-08-26
1997,5528,2005-01-03,2005-03-08
1998,5529,2005-01-03,2021-08-26
1999,5530,2005-01-03,2021-08-26
2000,5531,2005-01-03,2021-08-26
2001,5532,2005-01-03,2007-02-14
2002,5533,2005-01-03,2021-08-26
2003,5534,2005-01-03,2021-08-26
2004,5536,2010-11-10,2021-08-26
2005,5538,2013-12-16,2021-08-26
2006,5541,2012-12-18,2016-04-20
2007,5543,2016-05-09,2021-08-26
2008,5546,2020-05-20,2021-08-26
2009,5547,2020-01-10,2021-08-26
2010,5601,2005-01-03,2021-08-26
2011,5603,2005-01-03,2021-08-26
2012,5604,2005-01-03,2021-08-26
2013,5605,2005-01-03,2008-02-22
2014,5607,2005-01-03,2021-08-26
2015,5608,2005-01-03,2021-08-26
2016,5609,2005-01-03,2021-08-26
2017,5701,2005-01-03,2021-08-26
2018,5703,2005-01-03,2021-08-26
2019,5704,2005-01-03,2021-08-26
2020,5706,2005-01-03,2021-08-26
2021,5810,2005-01-03,2007-09-07
2022,5818,2005-01-03,2007-11-22
2023,5820,2005-01-03,2021-08-26
2024,5854,2005-01-03,2011-11-18
2025,5859,2015-04-16,2021-08-26
2026,5863,2007-12-03,2021-08-26
2027,5864,2018-04-02,2021-08-26
2028,5871,2011-12-13,2021-08-26
2029,5876,2018-10-19,2021-08-26
2030,5878,2014-10-28,2021-08-26
2031,5880,2011-12-01,2021-08-26
2032,5901,2005-01-03,2006-12-25
2033,5902,2005-01-03,2021-08-26
2034,5903,2005-01-03,2021-08-26
2035,5904,2005-01-03,2021-08-26
2036,5905,2005-01-03,2021-08-26
2037,5906,2011-10-24,2021-08-26
2038,5907,2012-06-06,2021-08-26
2039,6004,2005-01-03,2007-03-20
2040,6005,2005-01-03,2021-08-26
2041,6008,2005-01-03,2013-01-07
2042,6012,2005-01-03,2011-04-19
2043,6015,2005-01-03,2021-08-26
2044,6016,2005-01-03,2021-08-26
2045,6020,2005-01-03,2021-08-26
2046,6021,2005-01-03,2021-08-26
2047,6022,2005-09-26,2017-08-21
2048,6023,2007-11-28,2021-08-26
2049,6024,2009-04-27,2021-08-26
2050,6026,2016-01-27,2021-08-26
2051,6027,2015-11-02,2021-08-26
2052,6028,2019-03-06,2021-08-26
2053,6101,2005-01-03,2021-08-26
2054,6103,2005-01-03,2021-08-26
2055,6104,2005-01-03,2021-08-26
2056,6105,2005-01-03,2017-10-06
2057,6107,2005-01-03,2017-11-16
2058,6108,2005-01-03,2021-08-26
2059,6109,2005-01-03,2021-08-26
2060,6110,2005-01-03,2008-05-27
2061,6111,2005-01-03,2021-08-26
2062,6112,2005-01-03,2021-08-26
2063,6113,2005-01-03,2021-08-26
2064,6114,2005-01-03,2021-08-26
2065,6115,2005-01-03,2021-08-26
2066,6116,2005-01-03,2021-08-26
2067,6117,2005-01-03,2021-08-26
2068,6118,2005-01-03,2021-08-26
2069,6119,2005-01-03,2012-02-22
2070,6120,2005-01-03,2021-08-26
2071,6121,2005-01-03,2021-08-26
2072,6122,2005-01-03,2021-08-26
2073,6123,2005-01-03,2021-08-26
2074,6124,2005-01-03,2021-08-26
2075,6125,2005-01-03,2021-08-26
2076,6126,2005-01-03,2021-08-26
2077,6127,2005-01-03,2021-08-26
2078,6128,2005-01-03,2021-08-26
2079,6129,2005-01-03,2021-08-26
2080,6130,2005-01-03,2021-08-26
2081,6131,2005-01-03,2021-07-02
2082,6132,2005-01-03,2005-09-09
2083,6133,2005-01-03,2021-08-26
2084,6134,2005-01-03,2021-08-26
2085,6135,2005-01-03,2015-08-18
2086,6136,2005-01-03,2021-08-26
2087,6137,2005-01-03,2006-12-22
2088,6138,2005-01-03,2021-08-26
2089,6139,2005-01-03,2021-08-26
2090,6140,2005-01-03,2021-08-26
2091,6141,2005-01-03,2021-08-26
2092,6142,2005-01-03,2021-08-26
2093,6143,2005-01-03,2021-08-26
2094,6144,2005-01-03,2021-08-26
2095,6145,2005-01-03,2018-09-17
2096,6146,2005-01-03,2021-08-26
2097,6147,2005-01-03,2021-08-26
2098,6148,2005-01-03,2021-08-26
2099,6149,2005-01-03,2008-09-10
2100,6150,2005-01-03,2021-08-26
2101,6151,2005-01-03,2021-08-26
2102,6152,2005-01-03,2021-08-26
2103,6153,2005-01-03,2021-08-26
2104,6154,2005-01-03,2021-08-26
2105,6155,2005-01-03,2021-08-26
2106,6156,2005-01-03,2021-08-26
2107,6158,2005-01-03,2021-08-26
2108,6159,2005-01-03,2009-01-21
2109,6160,2005-01-03,2021-08-26
2110,6161,2005-01-03,2021-08-26
2111,6162,2005-01-03,2005-07-04
2112,6163,2005-01-03,2021-08-26
2113,6164,2005-01-03,2021-08-26
2114,6165,2005-01-03,2021-08-26
2115,6166,2005-01-03,2021-08-26
2116,6167,2005-01-03,2021-08-26
2117,6168,2005-01-03,2021-08-26
2118,6169,2005-01-03,2021-08-26
2119,6170,2005-01-03,2021-08-26
2120,6171,2005-01-03,2021-08-26
2121,6172,2005-01-03,2021-08-26
2122,6173,2005-01-03,2021-08-26
2123,6174,2005-01-03,2021-08-26
2124,6175,2005-01-03,2021-08-26
2125,6176,2005-01-03,2021-08-26
2126,6177,2005-01-03,2021-08-26
2127,6178,2005-01-03,2006-09-27
2128,6179,2005-01-03,2021-08-26
2129,6180,2005-01-03,2021-08-26
2130,6181,2005-01-03,2005-03-18
2131,6182,2005-01-03,2021-08-26
2132,6183,2005-01-03,2021-08-26
2133,6184,2005-01-03,2021-08-26
2134,6185,2005-01-03,2021-08-26
2135,6186,2005-01-03,2021-08-26
2136,6187,2005-01-03,2021-08-26
2137,6188,2005-01-03,2021-08-26
2138,6189,2005-01-03,2021-08-26
2139,6190,2005-01-03,2021-08-26
2140,6191,2005-01-03,2021-08-26
2141,6192,2005-01-03,2021-08-26
2142,6194,2005-01-03,2021-08-26
2143,6195,2005-01-03,2021-08-26
2144,6196,2005-01-03,2021-08-26
2145,6197,2005-01-03,2021-08-26
2146,6198,2005-01-03,2021-08-26
2147,6199,2005-01-03,2021-08-26
2148,6201,2005-01-03,2021-08-26
2149,6202,2005-01-03,2021-08-26
2150,6203,2005-01-03,2021-08-26
2151,6204,2005-01-03,2021-08-26
2152,6205,2005-01-03,2021-08-26
2153,6206,2005-01-03,2021-08-26
2154,6207,2005-01-03,2021-08-26
2155,6208,2005-01-03,2021-08-26
2156,6209,2005-01-03,2021-08-26
2157,6210,2005-01-03,2021-08-26
2158,6211,2005-01-03,2015-12-31
2159,6212,2005-01-03,2021-08-26
2160,6213,2005-01-03,2021-08-26
2161,6214,2005-01-03,2021-08-26
2162,6215,2005-01-03,2021-08-26
2163,6216,2005-01-03,2021-08-26
2164,6217,2005-01-03,2021-08-26
2165,6218,2005-01-03,2021-08-26
2166,6219,2005-01-03,2021-08-26
2167,6220,2005-01-03,2021-08-26
2168,6221,2005-01-03,2021-08-26
2169,6222,2005-01-03,2021-08-26
2170,6223,2005-01-03,2021-08-26
2171,6224,2005-01-03,2021-08-26
2172,6225,2005-01-03,2021-08-26
2173,6226,2005-01-03,2021-08-26
2174,6227,2005-01-03,2021-08-26
2175,6228,2005-01-03,2021-08-26
2176,6229,2005-01-03,2021-08-26
2177,6230,2005-01-03,2021-08-26
2178,6231,2005-01-03,2021-08-26
2179,6232,2005-01-03,2008-07-14
2180,6233,2005-01-03,2021-08-26
2181,6234,2005-01-03,2021-08-26
2182,6235,2005-01-03,2021-08-26
2183,6236,2005-01-03,2021-08-26
2184,6237,2005-01-03,2021-08-26
2185,6238,2005-01-03,2020-06-10
2186,6239,2005-01-03,2021-08-26
2187,6240,2005-01-03,2021-08-26
2188,6241,2005-01-03,2021-08-26
2189,6242,2005-01-03,2021-08-26
2190,6243,2005-01-03,2021-08-26
2191,6244,2005-01-03,2021-08-26
2192,6245,2005-01-03,2021-08-26
2193,6246,2005-01-03,2021-08-26
2194,6247,2005-01-03,2021-08-26
2195,6248,2005-01-03,2021-08-26
2196,6249,2005-01-03,2005-05-31
2197,6250,2005-01-03,2015-10-13
2198,6251,2009-03-18,2021-08-26
2199,6254,2005-01-03,2005-05-04
2200,6255,2006-10-31,2010-09-02
2201,6257,2005-01-03,2021-08-26
2202,6258,2005-01-03,2006-07-07
2203,6259,2005-01-03,2021-08-26
2204,6261,2005-01-03,2021-08-26
2205,6262,2005-01-03,2006-05-15
2206,6263,2005-01-03,2021-08-26
2207,6264,2005-01-03,2021-08-26
2208,6265,2005-01-03,2021-08-26
2209,6266,2005-01-03,2021-08-26
2210,6267,2005-01-03,2005-03-23
2211,6269,2005-01-03,2021-08-26
2212,6270,2005-01-03,2021-08-26
2213,6271,2007-11-16,2021-08-26
2214,6272,2005-01-03,2021-08-26
2215,6274,2005-01-03,2021-08-26
2216,6275,2005-01-03,2021-08-26
2217,6276,2005-01-03,2021-08-26
2218,6277,2005-01-03,2021-08-26
2219,6278,2005-01-03,2021-08-26
2220,6279,2005-01-03,2021-08-26
2221,6280,2005-01-03,2007-06-20
2222,6281,2005-12-08,2021-08-26
2223,6282,2005-01-03,2021-08-26
2224,6283,2005-01-03,2021-08-26
2225,6284,2005-01-03,2021-08-26
2226,6285,2005-01-03,2021-08-26
2227,6286,2005-01-03,2016-04-20
2228,6287,2005-01-03,2021-08-26
2229,6288,2018-05-09,2021-08-26
2230,6289,2005-01-03,2021-08-26
2231,6290,2005-06-03,2021-08-26
2232,6291,2005-01-03,2021-08-26
2233,6292,2005-01-03,2021-08-26
2234,6294,2005-01-03,2021-08-26
2235,6296,2005-01-03,2005-01-04
2236,6297,2005-01-03,2006-06-06
2237,6298,2006-03-15,2018-09-17
2238,6401,2005-01-03,2017-09-20
2239,6402,2005-01-03,2009-05-08
2240,6403,2012-10-26,2021-08-26
2241,6404,2014-07-24,2021-08-26
2242,6405,2013-11-28,2021-08-26
2243,6406,2012-12-28,2013-08-23
2244,6407,2013-03-29,2021-08-26
2245,6409,2014-03-31,2021-08-26
2246,6411,2014-03-11,2021-08-26
2247,6412,2013-11-08,2021-08-26
2248,6414,2014-03-28,2021-08-26
2249,6415,2013-12-12,2021-08-26
2250,6416,2018-04-16,2021-08-26
2251,6417,2015-10-08,2021-08-26
2252,6418,2019-02-18,2021-08-26
2253,6419,2014-12-29,2021-08-26
2254,6422,2014-12-27,2018-09-19
2255,6423,2014-10-23,2021-08-26
2256,6425,2019-01-18,2021-08-26
2257,6426,2014-12-17,2021-08-26
2258,6428,2013-09-11,2021-08-26
2259,6429,2013-10-14,2015-11-19
2260,6431,2014-12-04,2021-08-26
2261,6432,2015-05-20,2021-08-26
2262,6434,2013-11-12,2021-08-26
2263,6435,2016-01-07,2021-08-26
2264,6436,2014-07-31,2016-11-15
2265,6437,2014-01-06,2016-04-21
2266,6438,2017-04-25,2021-08-26
2267,6441,2017-09-27,2021-08-26
2268,6442,2015-07-14,2021-08-26
2269,6443,2015-10-01,2021-08-26
2270,6445,2014-01-06,2020-08-04
2271,6446,2016-07-19,2021-08-26
2272,6449,2014-12-09,2021-08-26
2273,6451,2015-01-26,2021-08-26
2274,6452,2015-03-25,2021-03-31
2275,6453,2014-06-17,2017-12-20
2276,6455,2014-05-05,2017-03-17
2277,6456,2015-06-12,2021-08-26
2278,6457,2015-06-12,2021-08-26
2279,6458,2014-07-15,2016-10-14
2280,6461,2018-03-28,2021-08-26
2281,6462,2015-12-23,2021-08-26
2282,6464,2015-12-16,2021-08-26
2283,6465,2015-11-20,2021-08-26
2284,6467,2014-08-14,2019-01-04
2285,6468,2014-09-15,2021-08-26
2286,6469,2016-03-30,2021-08-26
2287,6470,2015-11-03,2021-08-26
2288,6471,2014-09-19,2018-08-28
2289,6472,2017-04-19,2021-08-26
2290,6473,2014-12-08,2021-08-26
2291,6474,2018-02-01,2021-08-26
2292,6475,2014-12-04,2021-08-26
2293,6477,2016-06-21,2021-08-26
2294,6479,2014-11-07,2018-12-04
2295,6481,2015-01-08,2018-04-10
2296,6482,2016-06-13,2021-08-26
2297,6483,2014-12-23,2016-06-04
2298,6485,2015-11-17,2021-08-26
2299,6486,2016-09-13,2021-08-26
2300,6487,2014-11-10,2018-07-26
2301,6488,2015-09-25,2021-08-26
2302,6489,2014-12-19,2018-09-20
2303,6490,2014-11-06,2019-04-30
2304,6491,2019-10-07,2021-08-26
2305,6492,2017-04-24,2021-08-26
2306,6493,2015-01-08,2021-08-26
2307,6494,2016-05-09,2021-08-26
2308,6495,2016-08-15,2021-08-26
2309,6496,2016-01-07,2021-08-26
2310,6497,2017-06-01,2020-08-24
2311,6498,2015-01-27,2021-08-26
2312,6499,2016-07-27,2021-08-26
2313,6502,2005-01-03,2007-09-28
2314,6504,2013-05-07,2021-08-26
2315,6505,2005-01-03,2021-08-26
2316,6506,2011-05-03,2021-08-26
2317,6507,2005-01-03,2017-04-27
2318,6508,2005-01-03,2021-08-26
2319,6509,2005-01-03,2021-08-26
2320,6510,2016-03-24,2021-08-26
2321,6511,2016-01-27,2019-04-12
2322,6512,2016-03-25,2021-08-26
2323,6514,2015-12-02,2021-08-26
2324,6515,2021-01-20,2021-08-26
2325,6516,2019-05-06,2021-08-26
2326,6517,2015-02-11,2017-03-16
2327,6518,2015-05-13,2021-08-26
2328,6521,2015-03-18,2018-10-18
2329,6523,2016-06-16,2021-08-26
2330,6525,2016-04-12,2021-08-26
2331,6526,2015-07-08,2017-04-24
2332,6527,2019-12-25,2021-08-26
2333,6529,2015-06-30,2021-03-24
2334,6530,2018-01-23,2021-08-26
2335,6531,2016-05-31,2021-08-26
2336,6532,2016-09-26,2021-08-26
2337,6533,2017-03-14,2021-08-26
2338,6534,2015-07-02,2021-08-26
2339,6535,2016-09-26,2021-08-26
2340,6536,2015-06-18,2021-08-26
2341,6538,2016-10-21,2021-08-26
2342,6539,2015-10-15,2021-08-26
2343,6540,2015-09-17,2018-02-12
2344,6541,2017-10-26,2021-08-26
2345,6542,2016-09-08,2021-08-26
2346,6543,2019-03-27,2021-08-26
2347,6545,2015-08-03,2021-08-26
2348,6546,2015-07-28,2021-08-26
2349,6547,2018-04-17,2021-08-26
2350,6548,2016-09-13,2021-08-26
2351,6549,2015-10-21,2021-08-26
2352,6550,2016-02-15,2021-08-26
2353,6551,2015-12-21,2017-05-26
2354,6552,2017-01-10,2021-08-26
2355,6553,2015-10-30,2019-12-09
2356,6554,2016-12-12,2018-05-23
2357,6555,2016-01-25,2021-08-26
2358,6556,2017-10-31,2021-08-26
2359,6558,2018-12-05,2021-08-26
2360,6559,2015-12-15,2021-08-26
2361,6560,2017-01-24,2021-08-26
2362,6561,2018-06-05,2021-08-26
2363,6562,2016-01-22,2021-08-26
2364,6564,2018-09-18,2021-08-26
2365,6565,2017-01-18,2021-08-26
2366,6566,2016-01-20,2021-08-26
2367,6567,2016-01-22,2018-12-17
2368,6568,2016-12-28,2021-08-26
2369,6569,2016-12-21,2021-08-26
2370,6570,2017-12-11,2021-08-26
2371,6572,2016-02-26,2021-08-26
2372,6573,2017-09-26,2021-08-26
2373,6574,2017-09-04,2021-08-26
2374,6575,2016-01-29,2021-08-26
2375,6576,2018-06-29,2021-08-26
2376,6577,2017-03-21,2021-08-26
2377,6578,2018-09-18,2021-08-26
2378,6579,2017-08-21,2021-08-26
2379,6580,2017-06-20,2021-08-26
2380,6581,2018-01-30,2021-08-26
2381,6582,2017-06-14,2021-08-26
2382,6583,2016-08-05,2021-08-26
2383,6584,2016-08-01,2021-08-26
2384,6585,2016-09-08,2021-08-26
2385,6586,2017-09-27,2021-08-26
2386,6588,2020-07-01,2021-08-26
2387,6589,2019-06-28,2021-08-26
2388,6590,2018-12-24,2021-08-26
2389,6591,2017-12-28,2021-08-26
2390,6592,2019-12-09,2021-08-26
2391,6593,2017-11-03,2021-08-26
2392,6594,2017-04-28,2021-08-26
2393,6595,2019-01-11,2021-08-26
2394,6596,2018-01-04,2021-08-26
2395,6597,2018-01-04,2021-08-26
2396,6598,2020-06-09,2021-08-26
2397,6599,2017-12-25,2021-08-26
2398,6601,2005-01-03,2011-11-24
2399,6602,2005-01-03,2005-01-04
2400,6603,2005-01-03,2021-08-26
2401,6604,2005-01-03,2008-02-01
2402,6605,2005-01-03,2021-08-26
2403,6606,2005-01-03,2021-08-26
2404,6607,2005-01-03,2005-12-12
2405,6608,2005-01-03,2009-04-16
2406,6609,2005-01-03,2021-08-26
2407,6610,2016-12-27,2021-08-26
2408,6611,2016-10-27,2021-08-26
2409,6612,2018-07-18,2021-08-26
2410,6613,2017-12-28,2021-08-26
2411,6615,2018-01-22,2021-08-26
2412,6616,2018-01-10,2021-08-26
2413,6617,2017-02-08,2021-08-26
2414,6618,2017-09-15,2021-08-26
2415,6620,2016-12-28,2021-08-26
2416,6621,2017-08-18,2021-08-26
2417,6622,2017-05-22,2021-08-26
2418,6624,2019-05-28,2021-08-26
2419,6625,2018-02-07,2021-08-26
2420,6626,2017-04-07,2021-08-26
2421,6627,2017-04-07,2018-01-19
2422,6629,2019-06-06,2021-08-26
2423,6633,2017-05-09,2021-08-26
2424,6634,2017-06-29,2021-08-26
2425,6637,2017-06-26,2021-08-26
2426,6638,2017-06-28,2021-08-26
2427,6639,2018-10-31,2021-08-26
2428,6640,2018-10-23,2021-08-26
2429,6641,2018-09-21,2021-08-26
2430,6642,2019-09-23,2021-08-26
2431,6643,2019-01-23,2021-08-26
2432,6645,2017-08-18,2021-08-26
2433,6648,2017-09-04,2021-08-26
2434,6649,2019-06-05,2021-08-26
2435,6650,2017-09-15,2021-08-26
2436,6651,2021-02-01,2021-08-26
2437,6652,2018-08-29,2021-08-26
2438,6653,2017-11-03,2019-01-03
2439,6654,2018-10-23,2021-08-26
2440,6655,2018-11-28,2021-08-26
2441,6656,2018-01-19,2019-07-11
2442,6657,2018-08-08,2021-08-26
2443,6661,2021-01-27,2021-08-26
2444,6662,2019-03-26,2021-08-26
2445,6664,2018-09-12,2021-08-26
2446,6665,2017-11-23,2021-08-26
2447,6666,2018-11-19,2021-08-26
2448,6667,2018-11-13,2021-08-26
2449,6668,2018-12-12,2021-08-26
2450,6669,2019-03-27,2021-08-26
2451,6670,2018-12-18,2021-08-26
2452,6671,2018-12-11,2021-08-26
2453,6672,2019-04-17,2021-08-26
2454,6673,2018-03-07,2021-08-26
2455,6674,2018-11-28,2021-08-26
2456,6677,2018-06-27,2021-08-26
2457,6679,2019-05-09,2021-08-26
2458,6680,2019-09-16,2021-08-26
2459,6681,2018-04-23,2018-11-29
2460,6682,2018-05-11,2021-08-26
2461,6683,2019-04-23,2021-08-26
2462,6684,2021-08-11,2021-08-26
2463,6688,2018-07-26,2021-08-26
2464,6689,2018-07-17,2021-08-26
2465,6690,2019-10-30,2021-08-26
2466,6691,2018-08-08,2021-08-26
2467,6692,2018-09-21,2021-08-26
2468,6693,2018-12-26,2021-08-26
2469,6695,2018-12-28,2021-08-26
2470,6696,2018-10-08,2021-08-26
2471,6697,2019-12-26,2021-08-26
2472,6698,2019-11-25,2021-08-26
2473,6699,2019-10-14,2021-08-26
2474,6701,2005-01-03,2015-04-13
2475,6702,2011-11-01,2017-01-24
2476,6703,2020-10-20,2021-08-26
2477,6705,2018-10-31,2021-08-26
2478,6706,2019-12-19,2021-08-26
2479,6708,2020-01-09,2021-08-26
2480,6709,2018-11-29,2021-08-26
2481,6712,2021-01-08,2021-08-26
2482,6713,2018-12-17,2020-08-26
2483,6715,2019-12-12,2021-08-26
2484,6716,2020-03-27,2021-08-26
2485,6717,2018-12-05,2021-08-26
2486,6719,2021-03-12,2021-08-26
2487,6720,2019-05-10,2021-08-26
2488,6721,2019-03-27,2021-08-26
2489,6723,2018-12-26,2021-08-26
2490,6724,2018-12-28,2021-08-26
2491,6727,2020-12-01,2021-08-26
2492,6728,2020-12-25,2021-08-26
2493,6729,2019-07-04,2021-08-26
2494,6730,2019-11-08,2021-08-26
2495,6731,2019-04-03,2021-08-26
2496,6732,2020-06-08,2021-08-26
2497,6733,2021-01-28,2021-08-26
2498,6734,2019-06-28,2021-08-26
2499,6735,2019-10-18,2021-08-26
2500,6736,2019-08-15,2021-08-26
2501,6737,2019-12-30,2021-08-26
2502,6738,2019-08-23,2021-08-26
2503,6739,2021-05-06,2021-08-26
2504,6740,2019-10-16,2021-04-28
2505,6741,2021-05-25,2021-08-26
2506,6743,2020-12-14,2021-08-26
2507,6744,2019-09-25,2021-08-26
2508,6747,2021-01-19,2021-08-26
2509,6748,2021-07-27,2021-08-26
2510,6750,2019-11-11,2021-08-26
2511,6751,2020-12-25,2021-08-26
2512,6752,2020-12-10,2021-08-26
2513,6753,2021-01-12,2021-08-26
2514,6754,2020-08-25,2021-08-26
2515,6755,2019-12-05,2021-08-26
2516,6756,2020-12-24,2021-08-26
2517,6757,2019-12-16,2021-08-26
2518,6758,2020-01-02,2021-08-26
2519,6761,2019-12-31,2021-08-26
2520,6762,2020-12-18,2021-08-26
2521,6763,2020-04-09,2021-08-26
2522,6764,2019-11-25,2021-08-26
2523,6767,2021-01-25,2021-08-26
2524,6768,2021-04-22,2021-08-26
2525,6770,2020-12-09,2021-08-26
2526,6771,2020-01-07,2021-08-26
2527,6775,2020-05-29,2021-08-26
2528,6776,2021-03-31,2021-08-26
2529,6780,2020-07-23,2021-08-26
2530,6781,2021-03-22,2021-08-26
2531,6782,2020-08-14,2021-08-26
2532,6784,2020-11-18,2021-08-26
2533,6785,2020-10-05,2021-08-26
2534,6786,2020-08-19,2021-08-26
2535,6787,2021-04-16,2021-08-26
2536,6788,2020-10-15,2021-08-26
2537,6789,2021-04-06,2021-08-26
2538,6790,2020-10-27,2021-08-26
2539,6791,2021-05-10,2021-08-26
2540,6792,2020-11-19,2021-08-26
2541,6793,2020-10-30,2021-08-26
2542,6794,2020-12-25,2021-08-26
2543,6796,2021-04-16,2021-08-26
2544,6797,2020-11-05,2021-08-26
2545,6799,2020-11-27,2021-08-26
2546,6803,2010-05-27,2021-08-26
2547,6804,2020-12-02,2021-08-26
2548,6805,2020-11-20,2021-08-26
2549,6806,2020-12-07,2021-08-26
2550,6808,2020-12-25,2021-08-26
2551,6811,2021-01-06,2021-08-26
2552,6812,2021-02-04,2021-08-26
2553,6813,2020-12-30,2021-08-26
2554,6814,2020-12-31,2021-08-26
2555,6815,2021-01-29,2021-08-26
2556,6816,2021-01-18,2021-08-26
2557,6817,2021-02-24,2021-08-26
2558,6818,2021-01-21,2021-08-26
2559,6819,2021-02-05,2021-08-26
2560,6820,2021-03-22,2021-08-26
2561,6821,2021-04-20,2021-08-26
2562,6823,2021-06-10,2021-08-26
2563,6825,2021-04-29,2021-08-26
2564,6826,2021-06-17,2021-08-26
2565,6830,2021-07-26,2021-08-26
2566,6831,2021-08-11,2021-08-26
2567,6833,2021-06-01,2021-08-26
2568,6834,2021-08-25,2021-08-26
2569,6835,2021-08-04,2021-08-26
2570,7402,2015-12-29,2021-08-26
2571,7419,2019-09-25,2021-08-26
2572,7421,2015-09-30,2018-02-08
2573,7427,2021-07-08,2021-08-26
2574,7443,2016-02-15,2021-08-26
2575,7452,2021-04-16,2021-08-26
2576,7507,2020-03-20,2021-08-26
2577,7516,2018-12-24,2021-08-26
2578,7547,2021-02-03,2021-08-26
2579,7551,2019-12-12,2021-08-26
2580,7555,2020-11-27,2021-08-26
2581,7556,2020-10-30,2021-08-26
2582,7558,2021-05-03,2021-08-26
2583,7561,2020-07-06,2021-08-26
2584,7566,2020-07-01,2021-08-26
2585,7584,2021-05-12,2021-08-26
2586,7595,2020-12-22,2021-08-26
2587,8008,2005-01-03,2013-07-11
2588,8009,2005-01-03,2005-01-31
2589,8010,2005-01-03,2005-05-19
2590,8011,2011-09-19,2021-08-26
2591,8014,2005-01-03,2005-02-03
2592,8015,2005-01-03,2005-04-14
2593,8016,2005-01-03,2021-08-26
2594,8017,2005-01-03,2007-04-04
2595,8019,2005-01-03,2008-10-30
2596,8021,2005-01-03,2021-08-26
2597,8022,2005-01-03,2005-04-20
2598,8023,2005-01-03,2007-05-17
2599,8024,2006-09-25,2021-08-26
2600,8026,2005-01-03,2009-04-07
2601,8027,2015-06-09,2021-08-26
2602,8028,2018-07-10,2021-08-26
2603,8029,2005-01-03,2013-09-25
2604,8030,2005-01-03,2009-01-09
2605,8032,2005-01-03,2021-08-26
2606,8033,2005-01-19,2021-08-26
2607,8034,2005-01-03,2021-08-26
2608,8035,2005-01-03,2005-03-09
2609,8036,2005-01-03,2009-06-02
2610,8037,2005-01-03,2006-12-08
2611,8038,2013-11-21,2021-08-26
2612,8039,2005-01-03,2021-08-26
2613,8040,2007-04-30,2021-08-26
2614,8041,2005-01-03,2019-07-04
2615,8042,2005-01-03,2021-08-26
2616,8043,2005-01-03,2021-08-26
2617,8044,2005-01-24,2021-08-26
2618,8045,2005-01-03,2021-08-26
2619,8046,2006-04-07,2021-08-26
2620,8047,2005-01-03,2021-08-26
2621,8048,2009-09-08,2021-08-26
2622,8049,2005-01-03,2021-08-26
2623,8050,2005-01-03,2021-08-26
2624,8052,2005-01-03,2005-04-26
2625,8053,2005-01-20,2016-05-10
2626,8054,2005-01-03,2021-08-26
2627,8055,2005-01-03,2005-05-24
2628,8056,2005-01-03,2015-11-23
2629,8057,2005-01-03,2005-01-31
2630,8058,2005-01-03,2005-05-17
2631,8059,2010-03-16,2021-08-26
2632,8060,2005-01-03,2007-07-06
2633,8064,2006-09-25,2021-08-26
2634,8065,2005-01-03,2016-09-01
2635,8066,2005-01-03,2021-08-26
2636,8067,2005-01-03,2021-08-26
2637,8068,2005-01-03,2021-08-26
2638,8069,2005-01-03,2021-08-26
2639,8070,2005-01-03,2021-08-26
2640,8071,2005-01-03,2021-08-26
2641,8072,2005-01-03,2021-08-26
2642,8074,2005-01-03,2021-08-26
2643,8076,2005-01-03,2021-08-26
2644,8077,2005-01-03,2021-08-26
2645,8078,2005-01-03,2014-02-14
2646,8079,2005-01-03,2016-08-24
2647,8080,2005-01-03,2021-08-26
2648,8081,2005-01-03,2021-08-26
2649,8082,2005-01-03,2016-09-23
2650,8083,2005-01-03,2021-08-26
2651,8084,2005-01-03,2021-08-26
2652,8085,2005-01-03,2021-08-26
2653,8086,2009-06-01,2021-08-26
2654,8087,2005-01-03,2021-08-26
2655,8088,2005-01-03,2021-08-26
2656,8089,2020-09-23,2021-08-26
2657,8091,2005-01-03,2021-08-26
2658,8092,2005-01-03,2021-08-26
2659,8093,2005-01-03,2021-08-26
2660,8094,2005-01-03,2007-12-12
2661,8095,2005-01-03,2006-02-17
2662,8096,2005-01-03,2021-08-26
2663,8097,2005-01-03,2021-08-26
2664,8099,2005-01-03,2021-08-26
2665,8101,2005-01-03,2021-08-26
2666,8102,2005-01-03,2005-08-30
2667,8103,2005-01-03,2021-08-26
2668,8104,2019-01-17,2021-08-26
2669,8105,2005-01-03,2021-08-26
2670,8106,2005-01-03,2006-04-21
2671,8107,2005-11-15,2021-08-26
2672,8108,2005-01-03,2005-08-29
2673,8109,2005-03-22,2021-08-26
2674,8110,2006-08-23,2021-08-26
2675,8111,2005-01-03,2021-08-26
2676,8112,2005-01-03,2021-08-26
2677,8114,2005-07-20,2021-08-26
2678,8115,2006-05-30,2021-08-26
2679,8119,2017-07-04,2021-08-26
2680,8121,2005-02-17,2021-08-26
2681,8122,2005-01-03,2019-04-22
2682,8127,2005-01-03,2019-10-09
2683,8130,2006-10-20,2008-08-21
2684,8131,2007-11-29,2021-08-26
2685,8143,2005-01-03,2007-01-11
2686,8147,2013-04-30,2021-08-26
2687,8150,2014-04-11,2021-08-26
2688,8155,2012-12-18,2021-08-26
2689,8157,2005-01-03,2011-07-22
2690,8163,2007-11-28,2021-08-26
2691,8165,2005-01-03,2008-02-21
2692,8171,2011-12-19,2021-08-26
2693,8172,2005-01-03,2008-12-01
2694,8176,2013-06-25,2021-08-26
2695,8179,2007-11-05,2021-08-26
2696,8182,2006-05-25,2021-08-26
2697,8183,2005-03-30,2021-08-26
2698,8189,2005-01-03,2010-08-24
2699,8191,2005-01-03,2007-07-19
2700,8193,2005-01-03,2006-12-13
2701,8197,2005-01-03,2017-08-08
2702,8199,2011-09-08,2012-12-20
2703,8201,2007-10-29,2021-08-26
2704,8204,2005-01-03,2005-09-15
2705,8210,2005-04-28,2021-08-26
2706,8213,2009-12-25,2021-08-26
2707,8215,2010-11-12,2021-08-26
2708,8218,2005-01-03,2006-08-11
2709,8219,2005-01-03,2005-02-03
2710,8221,2005-01-03,2005-04-15
2711,8222,2015-01-27,2021-08-26
2712,8225,2005-01-03,2011-07-04
2713,8227,2005-01-03,2021-08-26
2714,8234,2007-06-07,2021-08-26
2715,8235,2005-01-03,2005-06-14
2716,8240,2005-06-23,2021-08-26
2717,8249,2005-05-17,2021-08-26
2718,8255,2006-04-25,2021-08-26
2719,8259,2005-01-03,2005-07-01
2720,8261,2005-01-03,2021-08-26
2721,8264,2005-01-03,2012-01-18
2722,8266,2005-01-03,2016-11-08
2723,8271,2010-12-29,2021-08-26
2724,8276,2005-01-03,2005-09-09
2725,8277,2005-01-03,2021-08-26
2726,8279,2016-09-26,2021-08-26
2727,8281,2005-01-03,2021-08-26
2728,8284,2020-05-18,2021-08-26
2729,8286,2005-01-03,2006-08-18
2730,8287,2005-01-03,2020-04-30
2731,8289,2008-04-24,2021-08-26
2732,8291,2011-11-29,2021-08-26
2733,8297,2005-01-03,2012-09-13
2734,8298,2018-03-28,2021-08-26
2735,8299,2005-01-03,2021-08-26
2736,8307,2010-11-26,2013-03-07
2737,8325,2015-06-24,2016-08-22
2738,8329,2007-09-06,2021-08-26
2739,8341,2015-03-23,2021-08-26
2740,8342,2017-11-23,2021-08-26
2741,8349,2006-03-10,2021-08-26
2742,8351,2005-10-31,2018-04-25
2743,8354,2005-01-03,2021-08-26
2744,8358,2010-09-27,2021-08-26
2745,8359,2012-05-03,2021-08-26
2746,8361,2005-01-03,2009-01-07
2747,8367,2018-09-12,2021-08-26
2748,8374,2005-01-03,2021-08-26
2749,8375,2005-01-03,2005-03-07
2750,8383,2005-01-03,2021-08-26
2751,8390,2008-05-21,2021-08-26
2752,8393,2005-03-11,2006-02-24
2753,8401,2010-03-29,2021-08-26
2754,8403,2011-03-01,2021-08-26
2755,8404,2011-05-18,2021-08-26
2756,8406,2012-04-27,2021-08-26
2757,8409,2013-11-25,2021-08-26
2758,8410,2011-02-23,2021-08-26
2759,8411,2011-11-01,2021-08-26
2760,8414,2011-09-22,2012-07-02
2761,8415,2016-09-07,2021-08-26
2762,8416,2012-09-19,2021-08-26
2763,8418,2011-12-06,2021-08-26
2764,8419,2013-05-27,2014-01-17
2765,8420,2014-11-10,2021-08-26
2766,8421,2012-11-23,2021-08-26
2767,8422,2011-10-05,2021-08-26
2768,8423,2012-03-14,2021-08-26
2769,8424,2012-12-18,2021-08-26
2770,8426,2011-12-13,2021-08-26
2771,8427,2011-12-06,2021-08-26
2772,8429,2012-12-20,2021-08-26
2773,8431,2015-03-30,2021-08-26
2774,8432,2012-04-30,2021-08-26
2775,8433,2012-12-19,2021-08-26
2776,8435,2012-12-28,2021-08-26
2777,8436,2013-09-12,2021-08-26
2778,8437,2015-05-06,2021-08-26
2779,8438,2012-02-20,2021-08-26
2780,8440,2018-03-28,2021-08-26
2781,8442,2016-11-08,2021-08-26
2782,8443,2014-09-15,2021-08-26
2783,8444,2015-10-27,2021-08-26
2784,8446,2013-12-19,2021-08-26
2785,8450,2014-10-07,2021-08-26
2786,8454,2014-12-19,2021-08-26
2787,8455,2016-01-08,2021-08-26
2788,8458,2014-10-27,2021-08-26
2789,8462,2016-03-10,2021-08-26
2790,8463,2015-07-13,2021-08-26
2791,8464,2015-12-22,2021-08-26
2792,8465,2015-05-13,2021-08-26
2793,8466,2016-11-01,2021-08-26
2794,8467,2015-12-15,2021-08-26
2795,8472,2016-01-11,2021-08-26
2796,8473,2016-09-08,2021-08-26
2797,8476,2017-03-28,2021-08-26
2798,8477,2016-10-31,2021-08-26
2799,8478,2017-12-11,2021-08-26
2800,8479,2016-05-16,2019-10-07
2801,8480,2017-01-17,2021-08-26
2802,8481,2017-02-24,2021-08-26
2803,8482,2018-08-15,2021-08-26
2804,8485,2015-10-27,2017-07-31
2805,8487,2015-12-10,2021-08-26
2806,8488,2016-12-13,2021-08-26
2807,8489,2017-04-27,2021-08-26
2808,8490,2016-01-14,2021-08-26
2809,8491,2016-01-19,2021-08-26
2810,8492,2016-05-19,2021-08-26
2811,8495,2016-08-08,2020-09-22
2812,8496,2016-02-26,2019-08-29
2813,8497,2018-03-23,2020-10-21
2814,8499,2017-11-24,2021-08-26
2815,8705,2005-01-03,2012-12-25
2816,8905,2005-01-03,2021-08-26
2817,8906,2005-01-03,2021-08-26
2818,8908,2005-01-03,2021-08-26
2819,8913,2005-01-03,2020-01-13
2820,8916,2005-01-03,2021-08-26
2821,8917,2005-01-03,2021-08-26
2822,8921,2005-01-03,2021-08-26
2823,8923,2005-01-03,2021-08-26
2824,8924,2005-01-03,2021-08-26
2825,8925,2005-01-03,2015-10-27
2826,8926,2005-01-03,2021-08-26
2827,8927,2005-01-03,2021-08-26
2828,8928,2005-01-03,2021-08-26
2829,8929,2005-01-03,2021-08-26
2830,8930,2005-01-03,2021-08-26
2831,8931,2005-01-03,2021-08-26
2832,8932,2005-01-03,2021-08-26
2833,8933,2005-01-03,2021-08-26
2834,8934,2005-01-03,2020-11-17
2835,8935,2005-01-03,2021-08-26
2836,8936,2005-01-03,2021-08-26
2837,8937,2005-01-03,2021-08-26
2838,8938,2005-01-03,2021-08-26
2839,8940,2005-01-03,2021-08-26
2840,8941,2005-01-03,2021-08-26
2841,8942,2005-01-03,2021-08-26
2842,8945,2007-07-05,2008-11-24
2843,8977,2009-08-28,2013-09-02
2844,8996,2006-06-30,2021-08-26
2845,910069,2011-10-05,2015-05-12
2846,9101,2005-01-03,2008-05-28
2847,9102,2005-01-03,2010-12-07
2848,9103,2005-01-03,2021-08-26
2849,910322,2009-12-16,2021-08-26
2850,9104,2005-01-03,2012-08-27
2851,910482,2009-12-18,2020-06-12
2852,9105,2005-01-03,2021-08-26
2853,910579,2009-12-31,2013-07-29
2854,9106,2009-10-12,2017-06-26
2855,910708,2011-07-19,2019-06-06
2856,910801,2011-01-24,2017-12-12
2857,910861,2010-11-24,2021-08-26
2858,910948,2010-12-03,2014-07-03
2859,9110,2009-12-03,2021-08-26
2860,911201,2010-02-04,2014-05-05
2861,911602,2010-02-08,2013-12-02
2862,911606,2010-09-09,2012-11-05
2863,911608,2010-10-20,2021-08-26
2864,911609,2010-09-08,2015-06-16
2865,911610,2010-10-22,2014-01-27
2866,911611,2010-10-06,2016-11-28
2867,911612,2010-10-28,2016-01-25
2868,911613,2011-02-25,2021-08-26
2869,911616,2011-03-09,2021-08-26
2870,911619,2011-06-24,2019-08-16
2871,911622,2011-09-29,2021-08-26
2872,911626,2011-12-30,2016-05-09
2873,911868,2009-12-22,2021-08-26
2874,912000,2011-04-25,2021-08-26
2875,912398,2010-03-18,2021-08-26
2876,9136,2009-05-25,2021-08-26
2877,913889,2010-03-25,2015-12-28
2878,9151,2009-04-28,2013-10-14
2879,9157,2009-12-11,2019-11-11
2880,916665,2011-02-25,2012-03-27
2881,9188,2009-10-08,2021-08-26
2882,9801,2005-01-03,2007-01-04
2883,9802,2012-10-18,2021-08-26
2884,9902,2005-01-03,2021-08-26
2885,9904,2005-01-03,2021-08-26
2886,9905,2005-01-03,2021-08-26
2887,9906,2005-01-03,2021-08-26
2888,9907,2005-01-03,2021-08-26
2889,9908,2005-01-03,2021-08-26
2890,9910,2005-01-03,2021-08-26
2891,9911,2005-01-03,2021-08-26
2892,9912,2005-01-03,2021-08-26
2893,9914,2005-01-03,2021-08-26
2894,9915,2005-01-03,2008-02-21
2895,9917,2005-01-03,2021-08-26
2896,9918,2005-01-03,2021-08-26
2897,9919,2005-01-03,2021-08-26
2898,9921,2005-01-03,2021-08-26
2899,9922,2005-01-03,2010-06-18
2900,9924,2005-01-03,2021-08-26
2901,9925,2005-01-03,2021-08-26
2902,9926,2005-01-03,2021-08-26
2903,9927,2005-01-03,2021-08-26
2904,9928,2005-01-03,2021-08-26
2905,9929,2005-01-03,2021-08-26
2906,9930,2005-01-03,2021-08-26
2907,9931,2005-01-03,2021-08-26
2908,9933,2005-01-03,2021-08-26
2909,9934,2005-01-03,2021-08-26
2910,9935,2005-01-03,2021-08-26
2911,9936,2005-01-03,2005-05-09
2912,9937,2005-01-03,2021-08-26
2913,9938,2005-01-03,2021-08-26
2914,9939,2005-01-03,2021-08-26
2915,9940,2005-01-03,2021-08-26
2916,9941,2005-01-03,2021-08-26
2917,9942,2005-01-03,2021-08-26
2918,9943,2005-01-03,2021-08-26
2919,9944,2005-01-03,2021-08-26
2920,9945,2005-01-03,2021-08-26
2921,9946,2005-03-22,2021-08-26
2922,9947,2005-01-03,2005-08-29
2923,9949,2005-01-03,2021-08-26
2924,9950,2005-01-03,2021-08-26
2925,9951,2005-01-03,2021-08-26
2926,9953,2005-01-03,2007-06-15
2927,9955,2005-01-03,2021-08-26
2928,9956,2005-01-03,2005-09-12
2929,9957,2005-01-03,2021-08-26
2930,9958,2008-03-12,2021-08-26
2931,9960,2005-01-03,2021-08-26
2932,9961,2005-01-03,2016-04-22
2933,9962,2006-07-10,2021-08-26
2934,9965,2006-12-29,2009-04-30
